ai_score,case_type,consistency_score,crop,detector,elapsed_sec,encoding,fps,frame_logits,frames,fusion_logit,height,label,model_input_sha256,motion_score,pixel_score,resize,sampled_frame_indices,sampled_rgb_sha256,sampling,sha256,variant,video_id,width
0.005296257324516773,factorial,0.053254786878824234,0,aegis,2.2331804589775857,0,29.97002997002997,,240,-5.23544454574585,720,real,3eaec90119b953b0ac58d591c849a11797e22c93db58ce53d940d135e38965cb,0.3257850110530853,0.0023241995368152857,0,"[60, 67, 75, 83, 91, 99, 107, 115, 122, 130, 138, 146, 154, 162, 170, 178]",7d6986d8f360fc92b4e7aa43b3409b0a65418ae5ffe2a21da3d665e491debdb8,original,efc53b95450498d821f1c029ee1e9580e1e4bfd3c52109ca82bfd73b553e526c,r0_c0_e0_original,controlled_real_animal_01,1280
0.20166192948818207,factorial,0.7386487126350403,0,aegis,1.9809217499860097,0,29.97002997002997,,240,-1.3759394884109497,720,real,e99ec0e3b642176ded4e1579bff6f3c24fd2bbc29cc441fa0574aa0d00629334,0.6059420108795166,0.04033321887254715,0,"[60, 68, 75, 84, 91, 99, 108, 115, 123, 131, 139, 146, 155, 163, 170, 179]",f28a55846ea63815415e467914080cb807f9446d9209bc66ed9fbe2e31a8ca6a,fps_selected,efc53b95450498d821f1c029ee1e9580e1e4bfd3c52109ca82bfd73b553e526c,r0_c0_e0_fps_selected,controlled_real_animal_01,1280
0.002927203429862857,factorial,0.01260676234960556,0,aegis,1.9440317499975208,1,29.97002997002997,,240,-5.830776214599609,720,real,0d95ab61f50fe776af8da6bf5301577811e2a4090bbae2417dbf460aae44b614,0.33165526390075684,0.0017387500265613198,0,"[60, 67, 75, 83, 91, 99, 107, 115, 122, 130, 138, 146, 154, 162, 170, 178]",c53b01f31da0373450893290188ee884abb1b9905b68be77a6db437c58bb5290,original,5d3f6af1002e0fd5eef0b6873eb4c1d730d36a3fea6be475d1a8ccddf7375190,r0_c0_e1_original,controlled_real_animal_01,1280
0.012986445799469948,factorial,0.02057180367410183,0,aegis,1.9319352500024252,1,29.97002997002997,,240,-4.330777645111084,720,real,61bebc5d1a4d57df2944f1917b4879b37c80279e02c3f2507b6c342fcadd4afb,0.6075121164321899,0.007825464941561222,0,"[60, 68, 75, 84, 91, 99, 108, 115, 123, 131, 139, 146, 155, 163, 170, 179]",9588ea6780d9a08154338964ec5df758ea316c565ea775b12ab8d4fb16c5c558,fps_selected,5d3f6af1002e0fd5eef0b6873eb4c1d730d36a3fea6be475d1a8ccddf7375190,r0_c0_e1_fps_selected,controlled_real_animal_01,1280
0.9998975992202759,factorial,0.9999359846115112,1,aegis,1.9733524589973968,0,29.97002997002997,,240,9.18718147277832,720,real,03c377151f9c8305443fecfb677ef1903c6ce3ec87d4d55901ea03a05ac2baea,0.19052653014659882,0.9998897314071655,0,"[60, 67, 75, 83, 91, 99, 107, 115, 122, 130, 138, 146, 154, 162, 170, 178]",ab423028177239bfc2b0e3c98fd63d0798f0c269382cf61e7327de7cac353d8d,original,b76f11742c9fead2370f89b8e0a6d052f09da0cdc39a4b4fa6f1a0f58c4f9bf5,r0_c1_e0_original,controlled_real_animal_01,720
0.9999592304229736,factorial,0.9999366998672485,1,aegis,2.0002769579878077,0,29.97002997002997,,240,10.107598304748535,720,real,9aef3b1558a270cee9d3224ef4d2ef182cbf52895139fbe53f59328d78b6c852,0.41224655508995056,0.9998927116394043,0,"[60, 68, 75, 84, 91, 99, 108, 115, 123, 131, 139, 146, 155, 163, 170, 179]",64830ad74c5b2cb433a6eba4cfea78ae9e794c29fb8fc1714d077c27a64c8324,fps_selected,b76f11742c9fead2370f89b8e0a6d052f09da0cdc39a4b4fa6f1a0f58c4f9bf5,r0_c1_e0_fps_selected,controlled_real_animal_01,720
0.9998704195022583,factorial,0.9999347925186157,1,aegis,1.9282077079988085,1,29.97002997002997,,240,8.951642036437988,720,real,c39c41ded7dac68dedaa4b894e6e46d352bae703b6f4098a46acb4f7631b2208,0.19185838103294373,0.9998650550842285,0,"[60, 67, 75, 83, 91, 99, 107, 115, 122, 130, 138, 146, 154, 162, 170, 178]",8db35591695610e07af8b7218588498b6917f562c18993e03d7c4dc7d70fcc37,original,a83f60a37d6fbc064d2da2b7eb53840a1f51bcadd3a37cdb773f4de50bccfa19,r0_c1_e1_original,controlled_real_animal_01,720
0.9999513626098633,factorial,0.9999312162399292,1,aegis,1.9698727919894736,1,29.97002997002997,,240,9.93078899383545,720,real,161611d2a5480841aa6bba7bab3bbfdda7d7c575952c444b1fecdf659d28f0c5,0.4277082681655884,0.9998753070831299,0,"[60, 68, 75, 84, 91, 99, 108, 115, 123, 131, 139, 146, 155, 163, 170, 179]",d2b6bd82c3f61f2ec983121e6ced7c12907e003851e122754268b49feb8bf542,fps_selected,a83f60a37d6fbc064d2da2b7eb53840a1f51bcadd3a37cdb773f4de50bccfa19,r0_c1_e1_fps_selected,controlled_real_animal_01,720
0.005970722530037165,factorial,0.08508028090000153,0,aegis,1.9419052919838578,0,29.97002997002997,,240,-5.114898681640625,504,real,3565756bd1838f699da46593d0525e75dcc8a74ad008300a576ad284d645deb4,0.3296864330768585,0.0020173697266727686,1,"[60, 67, 75, 83, 91, 99, 107, 115, 122, 130, 138, 146, 154, 162, 170, 178]",d22a72a883d5cc4f97caa83d10eb4e67c3bfdd9c63c441112afd0044c341594b,original,ea191c0a6f97e32e4d3e5e7a4ba94218ce4fa988866fd0ececeb8a9091da6660,r1_c0_e0_original,controlled_real_animal_01,896
0.05694754049181938,factorial,0.38234424591064453,0,aegis,1.9334514170186594,0,29.97002997002997,,240,-2.8069913387298584,504,real,26ff99bd0e6176502ab42901d5dddb755007d5666b18d874b4b0d20022895f4e,0.608917772769928,0.012931265868246555,1,"[60, 68, 75, 84, 91, 99, 108, 115, 123, 131, 139, 146, 155, 163, 170, 179]",b95215a1a6b735d631a8513f648e5c96ce8afa7c3fac2930c1a7e42ac6a7ead2,fps_selected,ea191c0a6f97e32e4d3e5e7a4ba94218ce4fa988866fd0ececeb8a9091da6660,r1_c0_e0_fps_selected,controlled_real_animal_01,896
0.004062197636812925,factorial,0.02393944561481476,0,aegis,1.9279990419745445,1,29.97002997002997,,240,-5.501960754394531,504,real,d277b83e8e03816e213a11fd31df094c917c2f2d9d1f01ecf985c5ec61ccccbc,0.3232722580432892,0.0018639233894646168,1,"[60, 67, 75, 83, 91, 99, 107, 115, 122, 130, 138, 146, 154, 162, 170, 178]",5fd042b5762b2f14680468147a57aa465a77f8c8e0f9422f3f306c7ef6e536e5,original,9503c3fbef19e09a12427f80ff607ccc8da301cc21ae31d0cac31847bbde6248,r1_c0_e1_original,controlled_real_animal_01,896
0.03225468471646309,factorial,0.06808764487504959,0,aegis,2.004239250003593,1,29.97002997002997,,240,-3.401305675506592,504,real,7613e06e969ec41d8c197d1563090c1f21ed8e61462495f1848d0ca6d67d0ead,0.6110700964927673,0.015584386885166168,1,"[60, 68, 75, 84, 91, 99, 108, 115, 123, 131, 139, 146, 155, 163, 170, 179]",15f84c0f2a66768c75c6e84e9aa4980960253d2a2dbd0a0b9c8f0d2854d73080,fps_selected,9503c3fbef19e09a12427f80ff607ccc8da301cc21ae31d0cac31847bbde6248,r1_c0_e1_fps_selected,controlled_real_animal_01,896
0.9998410940170288,factorial,0.999933123588562,1,aegis,1.9513811669894494,0,29.97002997002997,,240,8.7468900680542,504,real,54a1b4ecbf0dcc1455b60caf2925b047f1c4b2eda20f4d128aa5686d10814cdb,0.19105367362499237,0.9998362064361572,1,"[60, 67, 75, 83, 91, 99, 107, 115, 122, 130, 138, 146, 154, 162, 170, 178]",e9ffe0d1f5718cda9d578f51231ac25d6df82e1cc66283afb6f6f2b904a63a32,original,dcc7d4afbe04988346a25088c39a410caff2d6400882837e4222e6c240088ba0,r1_c1_e0_original,controlled_real_animal_01,504
0.9999411106109619,factorial,0.9999350309371948,1,aegis,1.9752135839953553,0,29.97002997002997,,240,9.739790916442871,504,real,6fdaadeb636cbd2e7b6504eaa4963b9403b3371fc18d056e68fda9505672a293,0.4114988446235657,0.9998502731323242,1,"[60, 68, 75, 84, 91, 99, 108, 115, 123, 131, 139, 146, 155, 163, 170, 179]",a6ed152cf8e155d0190134effff4a8d704a3b6f3c6946964a93d81c09432a2d3,fps_selected,dcc7d4afbe04988346a25088c39a410caff2d6400882837e4222e6c240088ba0,r1_c1_e0_fps_selected,controlled_real_animal_01,504
0.9998809099197388,factorial,0.9999383687973022,1,aegis,1.9978705829998944,1,29.97002997002997,,240,9.035460472106934,504,real,cc81295c7952175d01cc80d8285293054acf919472e8da8e54e844d0b820f2d4,0.18750755488872528,0.9998759031295776,1,"[60, 67, 75, 83, 91, 99, 107, 115, 122, 130, 138, 146, 154, 162, 170, 178]",985d25843a29869bf03c6ed502be3dd66c469f8779b251b612ef80869fcd867d,original,a13dd36d0bda170e77e8b86cb040009b869774e5c39a2189e04fe72399c88523,r1_c1_e1_original,controlled_real_animal_01,504
0.9999587535858154,factorial,0.999933123588562,1,aegis,1.9683826249965932,1,29.97002997002997,,240,10.096734046936035,504,real,ee336caf3e401892acf8c5f4564a96a33d3b3e49d28cf73fb63d9536e17e2de9,0.40661677718162537,0.9998975992202759,1,"[60, 68, 75, 84, 91, 99, 108, 115, 123, 131, 139, 146, 155, 163, 170, 179]",80038d2a126527cf2c4c2fff9a3c50c0be767a6903678c4a76aaa667542ecb3c,fps_selected,a13dd36d0bda170e77e8b86cb040009b869774e5c39a2189e04fe72399c88523,r1_c1_e1_fps_selected,controlled_real_animal_01,504
0.005296257324516773,metadata_control,0.053254786878824234,0,aegis,2.091535957995802,0,24.0,,240,-5.23544454574585,720,real,3eaec90119b953b0ac58d591c849a11797e22c93db58ce53d940d135e38965cb,0.3257850110530853,0.0023241995368152857,0,"[60, 67, 75, 83, 91, 99, 107, 115, 122, 130, 138, 146, 154, 162, 170, 178]",7d6986d8f360fc92b4e7aa43b3409b0a65418ae5ffe2a21da3d665e491debdb8,original,a8deab8559e676c3c275ce41a336713be7cc16c30c6e8d83859d02bbd10d5640,metadata_only_24fps,controlled_real_animal_01,1280
0.9999672174453735,endpoint_bridge,0.9999436140060425,1,aegis,1.9942160830250941,1,24.0,,96,10.327315330505371,504,real,59b0424567f6f79a0995bbcde0a3a72f3bf31bf7dd72cb9d588157d5fa51aaa0,0.3991124629974365,0.9999128580093384,1,"[0, 6, 12, 19, 25, 31, 38, 44, 50, 57, 63, 69, 76, 82, 88, 95]",f14f0b200218b435b4b6c8376d83d827991ceb7a2ef75ec2095fd09c5375cb2f,fps_selected,ebaaf41f757f0346a01825d0402f8e9d14c30016bca9579efc61b123ede8809e,parent_prepared_encoded,controlled_real_animal_01,504
0.15137764047251198,factorial,,0,waverep,6.628082000010181,0,29.97002997002997,"[-0.7513333559036255, -2.5108108520507812, -1.5500915050506592, -2.5237393379211426, -3.5742502212524414, -3.617680072784424, -1.7188684940338135, -4.015998840332031, 0.0018641799688339233, -2.234037160873413, -1.31818425655365, 0.6531376838684082, -2.1120378971099854, -0.9076240062713623, -1.516489028930664, 0.1147569864988327]",240,-1.723836636170745,720,real,854b57445e043d6cdbb79ee87211ead20740e2d70aa8116c368604876dfa0e64,,,0,"[60, 67, 75, 83, 91, 99, 107, 115, 122, 130, 138, 146, 154, 162, 170, 178]",7d6986d8f360fc92b4e7aa43b3409b0a65418ae5ffe2a21da3d665e491debdb8,original,efc53b95450498d821f1c029ee1e9580e1e4bfd3c52109ca82bfd73b553e526c,r0_c0_e0_original,controlled_real_animal_01,1280
0.1516278852991101,factorial,,0,waverep,6.3102340000041295,0,29.97002997002997,"[-0.7513333559036255, -3.877497911453247, -1.5500915050506592, -3.1305837631225586, -3.5742502212524414, -3.617680072784424, -2.2287838459014893, -4.015998840332031, 0.8153092861175537, -2.4702725410461426, -1.70802640914917, 0.6531376838684082, -2.2012484073638916, -1.0971494913101196, -1.516489028930664, 2.7207190990448]",240,-1.7218899577856064,720,real,a52d5ab36370dc1580ac42100cde4c3fb58d6c7cb8a873322df5f0d50ea72596,,,0,"[60, 68, 75, 84, 91, 99, 108, 115, 123, 131, 139, 146, 155, 163, 170, 179]",f28a55846ea63815415e467914080cb807f9446d9209bc66ed9fbe2e31a8ca6a,fps_selected,efc53b95450498d821f1c029ee1e9580e1e4bfd3c52109ca82bfd73b553e526c,r0_c0_e0_fps_selected,controlled_real_animal_01,1280
0.13167370265055983,factorial,,0,waverep,6.166783749999013,1,29.97002997002997,"[-1.8489453792572021, -1.670356273651123, -2.9080545902252197, -0.8991532921791077, -4.765023231506348, -3.2656538486480713, -3.7484607696533203, -3.6157448291778564, 0.7515445351600647, -1.952871561050415, -0.9831085801124573, 0.9708492755889893, -3.5875585079193115, -1.3223721981048584, -2.563577890396118, 1.2286367416381836]",240,-1.8862406499683857,720,real,124028607cc7e3247d3c48f0e45f30a59693fe5a120f6b8d7ce971ccc3d0a306,,,0,"[60, 67, 75, 83, 91, 99, 107, 115, 122, 130, 138, 146, 154, 162, 170, 178]",c53b01f31da0373450893290188ee884abb1b9905b68be77a6db437c58bb5290,original,5d3f6af1002e0fd5eef0b6873eb4c1d730d36a3fea6be475d1a8ccddf7375190,r0_c0_e1_original,controlled_real_animal_01,1280
0.10766030336576864,factorial,,0,waverep,6.273188332997961,1,29.97002997002997,"[-1.8489453792572021, -2.3447628021240234, -2.9080545902252197, -4.024476051330566, -4.765023231506348, -3.2656538486480713, -3.261011838912964, -3.6157448291778564, 0.09670555591583252, -1.5802936553955078, -2.1733694076538086, 0.9708492755889893, -2.0964505672454834, -1.1248706579208374, -2.563577890396118, 0.6668246388435364]",240,-2.114865954965353,720,real,af1eb15d691f07eb569866d2fa6897e057437b3ae70ff30da433229601f68569,,,0,"[60, 68, 75, 84, 91, 99, 108, 115, 123, 131, 139, 146, 155, 163, 170, 179]",9588ea6780d9a08154338964ec5df758ea316c565ea775b12ab8d4fb16c5c558,fps_selected,5d3f6af1002e0fd5eef0b6873eb4c1d730d36a3fea6be475d1a8ccddf7375190,r0_c0_e1_fps_selected,controlled_real_animal_01,1280
0.15137764047251198,factorial,,1,waverep,6.275566957978299,0,29.97002997002997,"[-0.7513333559036255, -2.5108108520507812, -1.5500915050506592, -2.5237393379211426, -3.5742502212524414, -3.617680072784424, -1.7188684940338135, -4.015998840332031, 0.0018641799688339233, -2.234037160873413, -1.31818425655365, 0.6531376838684082, -2.1120378971099854, -0.9076240062713623, -1.516489028930664, 0.1147569864988327]",240,-1.723836636170745,720,real,854b57445e043d6cdbb79ee87211ead20740e2d70aa8116c368604876dfa0e64,,,0,"[60, 67, 75, 83, 91, 99, 107, 115, 122, 130, 138, 146, 154, 162, 170, 178]",ab423028177239bfc2b0e3c98fd63d0798f0c269382cf61e7327de7cac353d8d,original,b76f11742c9fead2370f89b8e0a6d052f09da0cdc39a4b4fa6f1a0f58c4f9bf5,r0_c1_e0_original,controlled_real_animal_01,720
0.1516278852991101,factorial,,1,waverep,6.389169832982589,0,29.97002997002997,"[-0.7513333559036255, -3.877497911453247, -1.5500915050506592, -3.1305837631225586, -3.5742502212524414, -3.617680072784424, -2.2287838459014893, -4.015998840332031, 0.8153092861175537, -2.4702725410461426, -1.70802640914917, 0.6531376838684082, -2.2012484073638916, -1.0971494913101196, -1.516489028930664, 2.7207190990448]",240,-1.7218899577856064,720,real,a52d5ab36370dc1580ac42100cde4c3fb58d6c7cb8a873322df5f0d50ea72596,,,0,"[60, 68, 75, 84, 91, 99, 108, 115, 123, 131, 139, 146, 155, 163, 170, 179]",64830ad74c5b2cb433a6eba4cfea78ae9e794c29fb8fc1714d077c27a64c8324,fps_selected,b76f11742c9fead2370f89b8e0a6d052f09da0cdc39a4b4fa6f1a0f58c4f9bf5,r0_c1_e0_fps_selected,controlled_real_animal_01,720
0.14092099942657021,factorial,,1,waverep,6.264098290994298,1,29.97002997002997,"[-2.624549388885498, -1.753349781036377, -1.7706735134124756, -2.791517496109009, -3.4608869552612305, -3.9288196563720703, -3.399749517440796, -3.6823272705078125, 0.687895655632019, -1.1723790168762207, -1.1990655660629272, 0.8789044618606567, -3.9986071586608887, -0.4428258538246155, -2.3826169967651367, 2.1179850101470947]",240,-1.8076614402234554,720,real,89e138b6b0b0f65f9ae14de91d78896fc45261fd95719cdf9ba90976de0cdc81,,,0,"[60, 67, 75, 83, 91, 99, 107, 115, 122, 130, 138, 146, 154, 162, 170, 178]",8db35591695610e07af8b7218588498b6917f562c18993e03d7c4dc7d70fcc37,original,a83f60a37d6fbc064d2da2b7eb53840a1f51bcadd3a37cdb773f4de50bccfa19,r0_c1_e1_original,controlled_real_animal_01,720
0.10973425520956422,factorial,,1,waverep,6.295445208990714,1,29.97002997002997,"[-2.624549388885498, -3.1532392501831055, -1.7706735134124756, -2.987210273742676, -3.4608869552612305, -3.9288196563720703, -2.209026575088501, -3.6823272705078125, -0.06463667750358582, -2.2015628814697266, -3.724006414413452, 0.8789044618606567, -2.8906712532043457, -0.04855816811323166, -2.3826169967651367, 0.7545459866523743]",240,-2.0934584266506135,720,real,4f5e183b531e1e07aa96470b142358b90ae39b4f7b288f357c5b1b04c7d7a995,,,0,"[60, 68, 75, 84, 91, 99, 108, 115, 123, 131, 139, 146, 155, 163, 170, 179]",d2b6bd82c3f61f2ec983121e6ced7c12907e003851e122754268b49feb8bf542,fps_selected,a83f60a37d6fbc064d2da2b7eb53840a1f51bcadd3a37cdb773f4de50bccfa19,r0_c1_e1_fps_selected,controlled_real_animal_01,720
0.6773832631097729,factorial,,0,waverep,6.5872849589795806,0,29.97002997002997,"[0.9082101583480835, 0.2111997902393341, 1.093947172164917, -0.6346836686134338, -2.2397336959838867, 0.19274534285068512, 0.07034218311309814, 0.7254576683044434, 1.864282250404358, 0.06901556253433228, 1.7932698726654053, 1.2004215717315674, -0.3834551274776459, 3.0409281253814697, 1.0178823471069336, 2.938525438308716]",240,0.7417721869423985,504,real,2a1f44eaf10a3e6c79b767415983ea8d614402ed0af07f1e6fdcf638b9cc0a7f,,,1,"[60, 67, 75, 83, 91, 99, 107, 115, 122, 130, 138, 146, 154, 162, 170, 178]",d22a72a883d5cc4f97caa83d10eb4e67c3bfdd9c63c441112afd0044c341594b,original,ea191c0a6f97e32e4d3e5e7a4ba94218ce4fa988866fd0ececeb8a9091da6660,r1_c0_e0_original,controlled_real_animal_01,896
0.6652511373885794,factorial,,0,waverep,6.316964291996555,0,29.97002997002997,"[0.9082101583480835, -1.1404982805252075, 1.093947172164917, -0.10819686949253082, -2.2397336959838867, 0.19274534285068512, 0.25607234239578247, 0.7254576683044434, 0.5554612874984741, 0.6722798347473145, 2.141083240509033, 1.2004215717315674, 0.36343610286712646, 3.164135694503784, 1.0178823471069336, 2.185840606689453]",240,0.6867840327322483,504,real,be0291d882470398d1db2b55afc7d3b1eb63e736e3e563700de650de9e5a8435,,,1,"[60, 68, 75, 84, 91, 99, 108, 115, 123, 131, 139, 146, 155, 163, 170, 179]",b95215a1a6b735d631a8513f648e5c96ce8afa7c3fac2930c1a7e42ac6a7ead2,fps_selected,ea191c0a6f97e32e4d3e5e7a4ba94218ce4fa988866fd0ececeb8a9091da6660,r1_c0_e0_fps_selected,controlled_real_animal_01,896
0.8082461302311723,factorial,,0,waverep,6.188043166999705,1,29.97002997002997,"[1.9261095523834229, -0.16242867708206177, 1.3053560256958008, 1.2705018520355225, -0.6570868492126465, 0.24244561791419983, 0.51947021484375, 0.8942805528640747, 3.286479949951172, 1.2222204208374023, 2.1378588676452637, 2.4083313941955566, 0.7117484211921692, 3.6267926692962646, 1.6975140571594238, 2.588870048522949]",240,1.4386540073901415,504,real,36fb16a6715d8e7db640bb83ad2818d680c830c6de249c3bcf566ef39d581b2b,,,1,"[60, 67, 75, 83, 91, 99, 107, 115, 122, 130, 138, 146, 154, 162, 170, 178]",5fd042b5762b2f14680468147a57aa465a77f8c8e0f9422f3f306c7ef6e536e5,original,9503c3fbef19e09a12427f80ff607ccc8da301cc21ae31d0cac31847bbde6248,r1_c0_e1_original,controlled_real_animal_01,896
0.7746632492850537,factorial,,0,waverep,6.143364957999438,1,29.97002997002997,"[1.9261095523834229, 1.372631549835205, 1.3053560256958008, 0.222829669713974, -0.6570868492126465, 0.24244561791419983, 0.3600982427597046, 0.8942805528640747, 2.0050649642944336, 1.3523908853530884, 2.4777207374572754, 2.4083313941955566, 0.0043169111013412476, 2.613546371459961, 1.6975140571594238, 1.5317697525024414]",240,1.2348324647173285,504,real,9d5d6cc1e0b643854c5f5dac0f9dae7b91a2ac88bcb2706b4db950438d254ede,,,1,"[60, 68, 75, 84, 91, 99, 108, 115, 123, 131, 139, 146, 155, 163, 170, 179]",15f84c0f2a66768c75c6e84e9aa4980960253d2a2dbd0a0b9c8f0d2854d73080,fps_selected,9503c3fbef19e09a12427f80ff607ccc8da301cc21ae31d0cac31847bbde6248,r1_c0_e1_fps_selected,controlled_real_animal_01,896
0.6773832631097729,factorial,,1,waverep,6.587074415991083,0,29.97002997002997,"[0.9082101583480835, 0.2111997902393341, 1.093947172164917, -0.6346836686134338, -2.2397336959838867, 0.19274534285068512, 0.07034218311309814, 0.7254576683044434, 1.864282250404358, 0.06901556253433228, 1.7932698726654053, 1.2004215717315674, -0.3834551274776459, 3.0409281253814697, 1.0178823471069336, 2.938525438308716]",240,0.7417721869423985,504,real,2a1f44eaf10a3e6c79b767415983ea8d614402ed0af07f1e6fdcf638b9cc0a7f,,,1,"[60, 67, 75, 83, 91, 99, 107, 115, 122, 130, 138, 146, 154, 162, 170, 178]",e9ffe0d1f5718cda9d578f51231ac25d6df82e1cc66283afb6f6f2b904a63a32,original,dcc7d4afbe04988346a25088c39a410caff2d6400882837e4222e6c240088ba0,r1_c1_e0_original,controlled_real_animal_01,504
0.6652511373885794,factorial,,1,waverep,6.278406791010639,0,29.97002997002997,"[0.9082101583480835, -1.1404982805252075, 1.093947172164917, -0.10819686949253082, -2.2397336959838867, 0.19274534285068512, 0.25607234239578247, 0.7254576683044434, 0.5554612874984741, 0.6722798347473145, 2.141083240509033, 1.2004215717315674, 0.36343610286712646, 3.164135694503784, 1.0178823471069336, 2.185840606689453]",240,0.6867840327322483,504,real,be0291d882470398d1db2b55afc7d3b1eb63e736e3e563700de650de9e5a8435,,,1,"[60, 68, 75, 84, 91, 99, 108, 115, 123, 131, 139, 146, 155, 163, 170, 179]",a6ed152cf8e155d0190134effff4a8d704a3b6f3c6946964a93d81c09432a2d3,fps_selected,dcc7d4afbe04988346a25088c39a410caff2d6400882837e4222e6c240088ba0,r1_c1_e0_fps_selected,controlled_real_animal_01,504
0.8240282636738498,factorial,,1,waverep,5.772599874995649,1,29.97002997002997,"[1.798999309539795, 0.6485295295715332, 0.07085072994232178, 0.48260682821273804, -0.38578128814697266, 1.841855525970459, 1.0869686603546143, 0.949726939201355, 4.828319072723389, 0.4419359266757965, 1.5204904079437256, 1.979541540145874, 1.144688606262207, 3.0237064361572266, 2.45693302154541, 2.8127317428588867]",240,1.5438814368098974,504,real,d297ce62a5d79100a2e8c232000282e96c2b8a60c6df2151ff4d1b21d861c475,,,1,"[60, 67, 75, 83, 91, 99, 107, 115, 122, 130, 138, 146, 154, 162, 170, 178]",985d25843a29869bf03c6ed502be3dd66c469f8779b251b612ef80869fcd867d,original,a13dd36d0bda170e77e8b86cb040009b869774e5c39a2189e04fe72399c88523,r1_c1_e1_original,controlled_real_animal_01,504
0.7895915656676622,factorial,,1,waverep,5.886224541987758,1,29.97002997002997,"[1.798999309539795, 0.2187412679195404, 0.07085072994232178, 0.44308459758758545, -0.38578128814697266, 1.841855525970459, 1.5993040800094604, 0.949726939201355, 2.231536626815796, 0.8847107887268066, 1.6627197265625, 1.979541540145874, 0.894363284111023, 1.9497339725494385, 2.45693302154541, 2.5631237030029297]",240,1.3224652390927076,504,real,7a3b6d1fcef15f63f8d78bf2c461e74c9085139a9f5ae7b9daf4e14e96872f8d,,,1,"[60, 68, 75, 84, 91, 99, 108, 115, 123, 131, 139, 146, 155, 163, 170, 179]",80038d2a126527cf2c4c2fff9a3c50c0be767a6903678c4a76aaa667542ecb3c,fps_selected,a13dd36d0bda170e77e8b86cb040009b869774e5c39a2189e04fe72399c88523,r1_c1_e1_fps_selected,controlled_real_animal_01,504
0.15137764047251198,metadata_control,,0,waverep,5.796225208992837,0,24.0,"[-0.7513333559036255, -2.5108108520507812, -1.5500915050506592, -2.5237393379211426, -3.5742502212524414, -3.617680072784424, -1.7188684940338135, -4.015998840332031, 0.0018641799688339233, -2.234037160873413, -1.31818425655365, 0.6531376838684082, -2.1120378971099854, -0.9076240062713623, -1.516489028930664, 0.1147569864988327]",240,-1.723836636170745,720,real,854b57445e043d6cdbb79ee87211ead20740e2d70aa8116c368604876dfa0e64,,,0,"[60, 67, 75, 83, 91, 99, 107, 115, 122, 130, 138, 146, 154, 162, 170, 178]",7d6986d8f360fc92b4e7aa43b3409b0a65418ae5ffe2a21da3d665e491debdb8,original,a8deab8559e676c3c275ce41a336713be7cc16c30c6e8d83859d02bbd10d5640,metadata_only_24fps,controlled_real_animal_01,1280
0.7320824872868131,endpoint_bridge,,1,waverep,5.793258833000436,1,24.0,"[1.1246075630187988, 0.24587738513946533, 0.6145918369293213, 1.6784530878067017, 1.1660277843475342, -0.5223619937896729, -0.5588515996932983, 1.900592565536499, 0.2466585636138916, 0.9752209186553955, 1.921249508857727, 1.218317985534668, 0.6918953657150269, 2.5479960441589355, 0.8107517957687378, 2.022397994995117]",96,1.005214050412178,504,real,94929d8beca966054fc054337f478cc261c6911be2693f308ca1ff62aa39e43f,,,1,"[0, 6, 12, 19, 25, 31, 38, 44, 50, 57, 63, 69, 76, 82, 88, 95]",f14f0b200218b435b4b6c8376d83d827991ceb7a2ef75ec2095fd09c5375cb2f,fps_selected,ebaaf41f757f0346a01825d0402f8e9d14c30016bca9579efc61b123ede8809e,parent_prepared_encoded,controlled_real_animal_01,504
