ai_score,cell,consistency_score,content,delta_vs_baseline,detector,elapsed_sec,fps,frame_logits,frames,fusion_logit,height,label,motion_score,pixel_score,sampled_frame_indices,sha256,source,variant,video_id,width
0.9994638562202454,ai_animal,0.9998576641082764,animal,0.0,aegis,2.500014834018657,24.0,,96,7.530632495880127,504,ai,0.4398142099380493,0.9992735981941223,"[0, 6, 12, 19, 25, 31, 38, 44, 50, 57, 63, 69, 76, 82, 88, 95]",fd690e34c1a77918db5e92784354137352672086862fda72afb756afb778d8ad,VEO3,baseline,controlled_ai_animal_01,504
0.9996196031570435,ai_animal,0.9998917579650879,animal,0.0001557469367980957,aegis,2.2956949160143267,24.0,,96,7.873960494995117,504,ai,0.49421343207359314,0.9994107484817505,"[0, 6, 12, 19, 25, 31, 38, 44, 50, 57, 63, 69, 76, 82, 88, 95]",25bdcfff2df59e80a38ebf43c5066a08ac437d4c36f1688f3e673b7265de1f8a,VEO3,compression,controlled_ai_animal_01,504
0.9999815225601196,ai_animal,0.9999313354492188,animal,0.0,aegis,2.348387083009584,24.0,,96,10.901509284973145,504,ai,0.1130106970667839,0.999976396560669,"[0, 6, 12, 19, 25, 31, 38, 44, 50, 57, 63, 69, 76, 82, 88, 95]",90178ca4ba4ae57750e562ad0dd8f058668cce976803021d13732f0acc5256e0,VEO3,baseline,controlled_ai_animal_02,504
0.999984622001648,ai_animal,0.9999315738677979,animal,3.0994415283203125e-06,aegis,2.441481040994404,24.0,,96,11.080870628356934,504,ai,0.11195666342973709,0.9999786615371704,"[0, 6, 12, 19, 25, 31, 38, 44, 50, 57, 63, 69, 76, 82, 88, 95]",a30986a93d363819a04012f6b0f69f0b0ccc6921d73a79ced2c4fbd775b5ea75,VEO3,compression,controlled_ai_animal_02,504
0.999962329864502,ai_animal,0.999891996383667,animal,0.0,aegis,2.230486209009541,24.0,,96,10.186995506286621,504,ai,0.10279461741447449,0.9999735355377197,"[0, 6, 12, 19, 25, 31, 38, 44, 50, 57, 63, 69, 76, 82, 88, 95]",097535117f22172cf74b8664bf9c7e59f004411dfc22642c3614436d02113e82,VEO3,baseline,controlled_ai_animal_03,504
0.9974668025970459,ai_animal,0.9871075749397278,animal,-0.0024955272674560547,aegis,2.281035958993016,24.0,,96,5.97574520111084,504,ai,0.1072334349155426,0.9998134970664978,"[0, 6, 12, 19, 25, 31, 38, 44, 50, 57, 63, 69, 76, 82, 88, 95]",425f7cdcd0dd49ba1cf2ea9a505a482329ef0d1e8d94919180ce227a14b04926,VEO3,compression,controlled_ai_animal_03,504
0.9999986886978149,ai_animal,0.9999222755432129,animal,0.0,aegis,2.2637717080069706,24.0,,96,13.586226463317871,504,ai,0.7439689636230469,0.9999785423278809,"[0, 6, 12, 19, 25, 31, 38, 44, 50, 57, 63, 69, 76, 82, 88, 95]",abfdd8689c6483a34147969beaddee9abf38acacec9496f397a77666847ca4a2,VEO3,baseline,controlled_ai_animal_04,504
0.9999982118606567,ai_animal,0.9999237060546875,animal,-4.76837158203125e-07,aegis,2.2776648750004824,24.0,,96,13.213591575622559,504,ai,0.7348346710205078,0.9999748468399048,"[0, 6, 12, 19, 25, 31, 38, 44, 50, 57, 63, 69, 76, 82, 88, 95]",4ba49049d7d81f49fb1755bbe758d573ba57dd78eefc5859e086daff990b3b49,VEO3,compression,controlled_ai_animal_04,504
0.9999990463256836,ai_animal,0.9999366998672485,animal,0.0,aegis,2.258600541012129,24.0,,96,13.847311973571777,504,ai,0.9720550775527954,0.999970555305481,"[0, 6, 12, 19, 25, 31, 38, 44, 50, 57, 63, 69, 76, 82, 88, 95]",f70c5dd02c7863133b30addb5cf88d72a6100f86d2d96d1d7388f45d4b9c0716,VEO3,baseline,controlled_ai_animal_05,504
0.999994158744812,ai_animal,0.9999192953109741,animal,-4.887580871582031e-06,aegis,2.261414042004617,24.0,,96,12.04188060760498,504,ai,0.9703317284584045,0.9998695850372314,"[0, 6, 12, 19, 25, 31, 38, 44, 50, 57, 63, 69, 76, 82, 88, 95]",e74212812f1526f12d931819b193a417eedabc8ab797493252d7e9103fc9eb6f,VEO3,compression,controlled_ai_animal_05,504
0.9998863935470581,ai_non_animal,0.9998458623886108,non_animal,0.0,aegis,2.2426366659929045,24.0,,96,9.082538604736328,504,ai,0.13302730023860931,0.9999463558197021,"[0, 6, 12, 19, 25, 31, 38, 44, 50, 57, 63, 69, 76, 82, 88, 95]",065d8abbfa953fe2dc9e5ee73c92e210e1e17aee0ce035975f0ec3c89b69e7fb,VEO3,baseline,controlled_ai_non_animal_01,504
0.9992799162864685,ai_non_animal,0.9996019005775452,non_animal,-0.0006064772605895996,aegis,2.2713145420129877,24.0,,96,7.235404014587402,504,ai,0.14779625833034515,0.9997962117195129,"[0, 6, 12, 19, 25, 31, 38, 44, 50, 57, 63, 69, 76, 82, 88, 95]",23413190815003e0f608e4b79916d0fb3991d532fccd01e967fd42e47d9c97d7,VEO3,compression,controlled_ai_non_animal_01,504
0.999937891960144,ai_non_animal,0.9999265670776367,non_animal,0.0,aegis,2.813997792021837,24.0,,96,9.68713092803955,504,ai,0.07975968718528748,0.9999676942825317,"[0, 6, 12, 19, 25, 31, 38, 44, 50, 57, 63, 69, 76, 82, 88, 95]",8e38d584867d8d5dea48739901cb1d9f478e48540ef401fe17c4cfc916b473ca,VEO3,baseline,controlled_ai_non_animal_02,504
0.999651312828064,ai_non_animal,0.9999058246612549,non_animal,-0.0002865791320800781,aegis,2.2528797909908462,24.0,,96,7.961002349853516,504,ai,0.07859240472316742,0.9998811483383179,"[0, 6, 12, 19, 25, 31, 38, 44, 50, 57, 63, 69, 76, 82, 88, 95]",3dea2e90668c752e3cf21d163ee0561ab7a4018d172e1494f1d2bd94691fc4b2,VEO3,compression,controlled_ai_non_animal_02,504
0.9999088048934937,ai_non_animal,0.9998472929000854,non_animal,0.0,aegis,2.2858542499889154,24.0,,96,9.30272388458252,504,ai,0.5519465804100037,0.9998432397842407,"[0, 6, 12, 19, 25, 31, 38, 44, 50, 57, 63, 69, 76, 82, 88, 95]",fa3f361476b87ca528eb7d918d8f9e7c3377de00d07349c57daa71db699992d3,VEO3,baseline,controlled_ai_non_animal_03,504
0.9310910701751709,ai_non_animal,0.9993374943733215,non_animal,-0.06881773471832275,aegis,2.245063999987906,24.0,,96,2.6035704612731934,504,ai,0.6235865354537964,0.9458094239234924,"[0, 6, 12, 19, 25, 31, 38, 44, 50, 57, 63, 69, 76, 82, 88, 95]",c760820ac459cb2404e90d69785887fee1b444fd51cc85aa9471f94d5fc95066,VEO3,compression,controlled_ai_non_animal_03,504
0.9998836517333984,ai_non_animal,0.9997599720954895,non_animal,0.0,aegis,2.47734062501695,24.0,,96,9.05901050567627,504,ai,0.26196983456611633,0.9999130964279175,"[0, 6, 12, 19, 25, 31, 38, 44, 50, 57, 63, 69, 76, 82, 88, 95]",1aa1da0a4fa8ef9bfeb6dbfdcf2a5d6168ba93822129f2fe37ab2eebb8436ace,VEO3,baseline,controlled_ai_non_animal_04,504
0.9834813475608826,ai_non_animal,0.9931958913803101,non_animal,-0.01640230417251587,aegis,2.3125476249842905,24.0,,96,4.086606502532959,504,ai,0.3811642527580261,0.9964162111282349,"[0, 6, 12, 19, 25, 31, 38, 44, 50, 57, 63, 69, 76, 82, 88, 95]",6a48eb48459c6912081ccfa2ced36a26adee69188635aea7de3f0f58f67893ba,VEO3,compression,controlled_ai_non_animal_04,504
0.9999969005584717,ai_non_animal,0.9999380111694336,non_animal,0.0,aegis,2.53090675000567,24.0,,96,12.668099403381348,504,ai,0.48707765340805054,0.9999760389328003,"[0, 6, 12, 19, 25, 31, 38, 44, 50, 57, 63, 69, 76, 82, 88, 95]",fda206c51373c1a1c26166cbb16099264e0b3164514f0228525f68f45030f497,VEO3,baseline,controlled_ai_non_animal_05,504
0.9999957084655762,ai_non_animal,0.9999415874481201,non_animal,-1.1920928955078125e-06,aegis,2.3581289159774315,24.0,,96,12.346096992492676,504,ai,0.5086095333099365,0.9999711513519287,"[0, 6, 12, 19, 25, 31, 38, 44, 50, 57, 63, 69, 76, 82, 88, 95]",024d076fead6f3737c3af1d3472ec5530b949cdcbdc0d8108a3cf1aed11b6471,VEO3,compression,controlled_ai_non_animal_05,504
0.9999672174453735,real_animal,0.9999436140060425,animal,0.0,aegis,2.3545936660084408,24.0,,96,10.327315330505371,504,real,0.3991124629974365,0.9999128580093384,"[0, 6, 12, 19, 25, 31, 38, 44, 50, 57, 63, 69, 76, 82, 88, 95]",ebaaf41f757f0346a01825d0402f8e9d14c30016bca9579efc61b123ede8809e,MSVD,baseline,controlled_real_animal_01,504
0.9049241542816162,real_animal,0.9989619255065918,animal,-0.09504306316375732,aegis,2.3062610409979243,24.0,,96,2.253175735473633,504,real,0.4296535849571228,0.6172507405281067,"[0, 6, 12, 19, 25, 31, 38, 44, 50, 57, 63, 69, 76, 82, 88, 95]",96d4313a9a0ce57b635dcd72b6246c431b1cfb52da1e20e60d69748ea77cae1b,MSVD,compression,controlled_real_animal_01,504
0.0005066823214292526,real_animal,0.002453002380207181,animal,0.0,aegis,2.480628165998496,24.0,,96,-7.5871195793151855,504,real,0.06812681257724762,0.0003795875236392021,"[0, 6, 12, 19, 25, 31, 38, 44, 50, 57, 63, 69, 76, 82, 88, 95]",c557af11f132930610cb73e883f95388d74565b3b063d54356b6efd80183bc17,MSVD,baseline,controlled_real_animal_02,504
0.006548837758600712,real_animal,0.10840549319982529,animal,0.006042155437171459,aegis,2.336538957984885,24.0,,96,-5.021897315979004,504,real,0.11030496656894684,0.004159803967922926,"[0, 6, 12, 19, 25, 31, 38, 44, 50, 57, 63, 69, 76, 82, 88, 95]",23f74b72da25823fcbbb4be4a21992241963014d05c86bd9df4e177207cba36c,MSVD,compression,controlled_real_animal_02,504
9.414678788743913e-05,real_animal,0.0007959787035360932,animal,0.0,aegis,2.360449207975762,24.0,,96,-9.270561218261719,504,real,0.02104143239557743,0.00040196679765358567,"[0, 6, 12, 19, 25, 31, 38, 44, 50, 57, 63, 69, 76, 82, 88, 95]",9836fd7d0ccc13b33161cfe6ebe33753ea84806e06d33b0a7814afd644d2ae1b,MSVD,baseline,controlled_real_animal_03,504
9.231711010215804e-05,real_animal,0.0008090217015706003,animal,-1.829677785281092e-06,aegis,2.292023665999295,24.0,,96,-9.290188789367676,504,real,0.024765316396951675,0.00036603325861506164,"[0, 6, 12, 19, 25, 31, 38, 44, 50, 57, 63, 69, 76, 82, 88, 95]",d4328c4632bec19fb620b30704a6c98ed269185a0eaca0fddc7c813896f454b1,MSVD,compression,controlled_real_animal_03,504
3.425803515710868e-05,real_animal,0.0005038758390583098,animal,0.0,aegis,2.292100875027245,24.0,,96,-10.28155517578125,504,real,0.012805109843611717,0.00016348372446373105,"[0, 6, 12, 19, 25, 31, 38, 44, 50, 57, 63, 69, 76, 82, 88, 95]",f831db63bfad48029f048897f5844a6a2d8d9593d32a1dc00ee8859884e17ca7,MSVD,baseline,controlled_real_animal_04,504
3.80612000299152e-05,real_animal,0.0004975586198270321,animal,3.8031648728065193e-06,aegis,2.2750607919879258,24.0,,96,-10.176277160644531,504,real,0.014337596483528614,0.00016027876699808985,"[0, 6, 12, 19, 25, 31, 38, 44, 50, 57, 63, 69, 76, 82, 88, 95]",25af61e8edd8a7bdc8ce3be239a64e5ec6ef64b1da15342d6f7275a3102b71ce,MSVD,compression,controlled_real_animal_04,504
0.0005014548078179359,real_animal,0.003545108251273632,animal,0.0,aegis,2.370687959017232,24.0,,96,-7.5974955558776855,504,real,0.023065753281116486,0.002098246943205595,"[0, 6, 12, 19, 25, 31, 38, 44, 50, 57, 63, 69, 76, 82, 88, 95]",5df4f6ce8b1cc8e475cb6d54f6710fc8098f7e440f0d85edc8b3c589d40739ff,MSVD,baseline,controlled_real_animal_05,504
0.0001300326839555055,real_animal,0.0017888193251565099,animal,-0.00037142212386243045,aegis,2.3624775409989525,24.0,,96,-8.94759464263916,504,real,0.02264159545302391,0.00020395680621732026,"[0, 6, 12, 19, 25, 31, 38, 44, 50, 57, 63, 69, 76, 82, 88, 95]",57cf0bcf147886747b233f4ca19391e18437c55b694b29b1eb2b3c369afb7e03,MSVD,compression,controlled_real_animal_05,504
0.00018201603961642832,real_non_animal,0.0012591172708198428,non_animal,0.0,aegis,2.295922833989607,24.0,,96,-8.611233711242676,504,real,0.03376471623778343,0.000500114168971777,"[0, 6, 12, 19, 25, 31, 38, 44, 50, 57, 63, 69, 76, 82, 88, 95]",c544cdb9670011b625ab2593cbb88ca6c4e7f1db9707a8bfaf5209dac9970eed,MSVD,baseline,controlled_real_non_animal_01,504
8.978509868029505e-05,real_non_animal,0.0007850040565244853,non_animal,-9.223094093613327e-05,aegis,2.339527125004679,24.0,,96,-9.318001747131348,504,real,0.039789412170648575,0.00020263830083422363,"[0, 6, 12, 19, 25, 31, 38, 44, 50, 57, 63, 69, 76, 82, 88, 95]",11a085b1af1b8211b159f135d954c9435533853fad33ed548571c2e1c09fc3fa,MSVD,compression,controlled_real_non_animal_01,504
0.0005480846739374101,real_non_animal,0.004677473567426205,non_animal,0.0,aegis,2.3039519579906482,24.0,,96,-7.508532524108887,504,real,0.026340806856751442,0.008831237442791462,"[0, 6, 12, 19, 25, 31, 38, 44, 50, 57, 63, 69, 76, 82, 88, 95]",d10386dbb6d1d7cd1dd7bc8e2949a1491f732c9f4ca86bc927cbc947390b81bd,MSVD,baseline,controlled_real_non_animal_02,504
0.00013277085963636637,real_non_animal,0.001812086091376841,non_animal,-0.00041531381430104375,aegis,2.237413958995603,24.0,,96,-8.926753044128418,504,real,0.02596157044172287,0.0009154375875368714,"[0, 6, 12, 19, 25, 31, 38, 44, 50, 57, 63, 69, 76, 82, 88, 95]",b966ba0ba10496476a52b6ffc73401bc729dce7b8ec040519a84caaa950cad8f,MSVD,compression,controlled_real_non_animal_02,504
4.40774965682067e-05,real_non_animal,0.0011621065204963088,non_animal,0.0,aegis,2.381807249999838,24.0,,96,-10.02951717376709,504,real,0.02724849060177803,0.0015421081334352493,"[0, 6, 12, 19, 25, 31, 38, 44, 50, 57, 63, 69, 76, 82, 88, 95]",dca67ec50603edc6277465a6c3c3c4147af76251574c14892ef4b7bf419cd9b0,MSVD,baseline,controlled_real_non_animal_03,504
8.539632835891098e-05,real_non_animal,0.0012236975599080324,non_animal,4.131883179070428e-05,aegis,2.2627029590075836,24.0,,96,-9.368122100830078,504,real,0.060043562203645706,0.0008987366454675794,"[0, 6, 12, 19, 25, 31, 38, 44, 50, 57, 63, 69, 76, 82, 88, 95]",4c19aa17bd5ba708d4fe3ed08aa810cd7c4edfb8de345ca2b45f5ecf7d5079ed,MSVD,compression,controlled_real_non_animal_03,504
0.0021463893353939056,real_non_animal,0.0014997127000242472,non_animal,0.0,aegis,2.267022457992425,24.0,,96,-6.141819477081299,504,real,0.9266650080680847,0.0010447173845022917,"[0, 6, 12, 19, 25, 31, 38, 44, 50, 57, 63, 69, 76, 82, 88, 95]",cea679dbc76f677fc680ed2798634dad168e39b99f23897106d3894127474b7c,MSVD,baseline,controlled_real_non_animal_04,504
0.0007844495121389627,real_non_animal,0.0006996511365287006,non_animal,-0.001361939823254943,aegis,2.3906977089936845,24.0,,96,-7.149743556976318,504,real,0.9488184452056885,0.0003387461765669286,"[0, 6, 12, 19, 25, 31, 38, 44, 50, 57, 63, 69, 76, 82, 88, 95]",bfdb8dde61129a6d0fc2a1f42f60fcafdd0cc45fcf8b8d7452abe7209f85cc83,MSVD,compression,controlled_real_non_animal_04,504
0.00017499244131613523,real_non_animal,0.0006575220613740385,non_animal,0.0,aegis,2.270530250010779,24.0,,96,-8.650592803955078,504,real,0.054014574736356735,0.00039167850627563894,"[0, 6, 12, 19, 25, 31, 38, 44, 50, 57, 63, 69, 76, 82, 88, 95]",81f8cd4fbeab93b7065daf9582fc3d4d5b29215ff670cfcd8f229ae3e38ae80e,MSVD,baseline,controlled_real_non_animal_05,504
0.00019994788453914225,real_non_animal,0.0008550036000087857,non_animal,2.4955443223007023e-05,aegis,2.30084320800961,24.0,,96,-8.517253875732422,504,real,0.05695680156350136,0.0004132345493417233,"[0, 6, 12, 19, 25, 31, 38, 44, 50, 57, 63, 69, 76, 82, 88, 95]",4b8357d536545e07e09c7c4cb8d102fb052b48ee2a3b9471c626b1a33588ce06,MSVD,compression,controlled_real_non_animal_05,504
0.15126018740201952,ai_animal,,animal,0.0,waverep,5.906828042003326,24.0,"[-6.286508083343506, -4.935580253601074, -4.570865154266357, -3.770124912261963, -3.492154836654663, -3.3028767108917236, -2.072601318359375, -0.31775909662246704, -1.7158721685409546, 1.2616941928863525, 1.147530198097229, -0.3896016478538513, 1.20770263671875, 0.3940848112106323, 2.854440927505493, -3.6075282096862793]",96,-1.7247512266039848,504,ai,,,"[0, 6, 12, 19, 25, 31, 38, 44, 50, 57, 63, 69, 76, 82, 88, 95]",fd690e34c1a77918db5e92784354137352672086862fda72afb756afb778d8ad,VEO3,baseline,controlled_ai_animal_01,504
0.00017379748609548732,ai_animal,,animal,-0.15108638991592402,waverep,5.942866874975152,24.0,"[-8.563843727111816, -9.488388061523438, -9.388223648071289, -9.489208221435547, -9.453370094299316, -9.432182312011719, -9.369873046875, -9.488557815551758, -9.316640853881836, -9.480487823486328, -9.172195434570312, -8.29914665222168, -7.148458003997803, -8.623092651367188, -7.369697570800781, -4.435770034790039]",96,-8.65744599699974,504,ai,,,"[0, 6, 12, 19, 25, 31, 38, 44, 50, 57, 63, 69, 76, 82, 88, 95]",25bdcfff2df59e80a38ebf43c5066a08ac437d4c36f1688f3e673b7265de1f8a,VEO3,compression,controlled_ai_animal_01,504
0.9962799772961752,ai_animal,,animal,0.0,waverep,5.788033707998693,24.0,"[2.7491559982299805, 3.6024537086486816, 3.1658213138580322, 4.694892883300781, 7.157276630401611, 5.872103214263916, 5.450170516967773, 5.566705703735352, 6.95285701751709, 7.98115348815918, 7.335768699645996, 6.275341987609863, 7.120278358459473, 6.028154373168945, 5.372815132141113, 4.119827747344971]",96,5.590298548340797,504,ai,,,"[0, 6, 12, 19, 25, 31, 38, 44, 50, 57, 63, 69, 76, 82, 88, 95]",90178ca4ba4ae57750e562ad0dd8f058668cce976803021d13732f0acc5256e0,VEO3,baseline,controlled_ai_animal_02,504
0.0008786127047950404,ai_animal,,animal,-0.9954013645913802,waverep,5.715308291022666,24.0,"[-6.515037536621094, -6.930263519287109, -6.9695234298706055, -7.499549865722656, -7.511029243469238, -7.302931308746338, -7.329921245574951, -7.392467975616455, -7.277105331420898, -6.977472305297852, -5.5945024490356445, -7.037284851074219, -7.084662437438965, -7.394012451171875, -6.564203262329102, -7.2006306648254395]",96,-7.036287367343903,504,ai,,,"[0, 6, 12, 19, 25, 31, 38, 44, 50, 57, 63, 69, 76, 82, 88, 95]",a30986a93d363819a04012f6b0f69f0b0ccc6921d73a79ced2c4fbd775b5ea75,VEO3,compression,controlled_ai_animal_02,504
0.11307970464889358,ai_animal,,animal,0.0,waverep,6.070351374975871,24.0,"[2.695228338241577, -4.5815935134887695, -0.39216122031211853, -4.964890480041504, -5.4843292236328125, -5.708507061004639, -2.9013476371765137, -6.2610883712768555, -5.201681137084961, -4.087151527404785, -5.478639602661133, -5.25518798828125, -1.0384190082550049, 6.878427505493164, 5.343803882598877, 3.4829418659210205]",96,-2.0596621986478567,504,ai,,,"[0, 6, 12, 19, 25, 31, 38, 44, 50, 57, 63, 69, 76, 82, 88, 95]",097535117f22172cf74b8664bf9c7e59f004411dfc22642c3614436d02113e82,VEO3,baseline,controlled_ai_animal_03,504
0.000287769678593277,ai_animal,,animal,-0.11279193497030031,waverep,5.971505583001999,24.0,"[-7.320825099945068, -9.162786483764648, -8.674638748168945, -8.431575775146484, -8.634519577026367, -8.632353782653809, -8.934219360351562, -9.321917533874512, -8.84879207611084, -8.414462089538574, -8.93630599975586, -8.938386917114258, -8.768239974975586, -6.506695747375488, -3.9103918075561523, -7.012886047363281]",96,-8.15306231379509,504,ai,,,"[0, 6, 12, 19, 25, 31, 38, 44, 50, 57, 63, 69, 76, 82, 88, 95]",425f7cdcd0dd49ba1cf2ea9a505a482329ef0d1e8d94919180ce227a14b04926,VEO3,compression,controlled_ai_animal_03,504
0.9713999071802011,ai_animal,,animal,0.0,waverep,6.1280067920160946,24.0,"[3.0438661575317383, 6.442171096801758, 5.071799278259277, 5.837502479553223, 4.303565979003906, 3.749518632888794, 1.454434871673584, 0.8162521719932556, 1.8792881965637207, 3.448885440826416, 5.106555938720703, 4.7973222732543945, 3.456284523010254, 2.6308951377868652, 3.8680951595306396, 0.49881500005722046]",96,3.5253282710909843,504,ai,,,"[0, 6, 12, 19, 25, 31, 38, 44, 50, 57, 63, 69, 76, 82, 88, 95]",abfdd8689c6483a34147969beaddee9abf38acacec9496f397a77666847ca4a2,VEO3,baseline,controlled_ai_animal_04,504
0.007833535365008325,ai_animal,,animal,-0.9635663718151928,waverep,5.8922000829770695,24.0,"[-4.678094387054443, -4.326622486114502, -3.8102359771728516, -6.039322853088379, -5.233030319213867, -5.447585105895996, -6.6687211990356445, -4.21397590637207, -5.152010917663574, -2.4609594345092773, -4.350257396697998, -3.8916983604431152, -4.73768424987793, -5.05460262298584, -6.095998764038086, -5.302831649780273]",96,-4.8414769768714905,504,ai,,,"[0, 6, 12, 19, 25, 31, 38, 44, 50, 57, 63, 69, 76, 82, 88, 95]",4ba49049d7d81f49fb1755bbe758d573ba57dd78eefc5859e086daff990b3b49,VEO3,compression,controlled_ai_animal_04,504
0.9989091200517303,ai_animal,,animal,0.0,waverep,5.933559207973303,24.0,"[5.790262699127197, 6.833683013916016, 5.405774116516113, 6.918066501617432, 7.106501579284668, 7.583427906036377, 6.8460798263549805, 6.01194953918457, 8.819314002990723, 7.378413200378418, 7.550669193267822, 6.61007022857666, 6.717220306396484, 6.519414901733398, 5.8171491622924805, 7.206870079040527]",96,6.819679141044617,504,ai,,,"[0, 6, 12, 19, 25, 31, 38, 44, 50, 57, 63, 69, 76, 82, 88, 95]",f70c5dd02c7863133b30addb5cf88d72a6100f86d2d96d1d7388f45d4b9c0716,VEO3,baseline,controlled_ai_animal_05,504
0.40077938236233185,ai_animal,,animal,-0.5981297376893984,waverep,6.043495208985405,24.0,"[-0.7132719159126282, -2.320990800857544, -2.551392078399658, -1.0384513139724731, -1.768027901649475, -3.011906623840332, -1.808393120765686, -4.124505996704102, -1.5016510486602783, 2.971446990966797, 1.0985857248306274, 1.0670768022537231, -0.5639138221740723, 4.708122253417969, 1.1694024801254272, 1.9523706436157227]",96,-0.4022187329828739,504,ai,,,"[0, 6, 12, 19, 25, 31, 38, 44, 50, 57, 63, 69, 76, 82, 88, 95]",e74212812f1526f12d931819b193a417eedabc8ab797493252d7e9103fc9eb6f,VEO3,compression,controlled_ai_animal_05,504
0.4320817870649099,ai_non_animal,,non_animal,0.0,waverep,5.896138124982826,24.0,"[1.3907912969589233, -6.584610939025879, -5.5859150886535645, -4.174124717712402, -4.581877708435059, 1.8837518692016602, -1.2593204975128174, -2.2420754432678223, 1.9889805316925049, -0.2863900065422058, 1.1999856233596802, 3.4263217449188232, 2.6967837810516357, 4.0292487144470215, 2.79354190826416, 0.9311085343360901]",96,-0.27336252480745316,504,ai,,,"[0, 6, 12, 19, 25, 31, 38, 44, 50, 57, 63, 69, 76, 82, 88, 95]",065d8abbfa953fe2dc9e5ee73c92e210e1e17aee0ce035975f0ec3c89b69e7fb,VEO3,baseline,controlled_ai_non_animal_01,504
0.0008427793573184918,ai_non_animal,,non_animal,-0.43123900770759144,waverep,6.181294959009392,24.0,"[-3.232182264328003, -9.021125793457031, -8.496443748474121, -7.570496082305908, -8.28935432434082, -7.808646202087402, -7.617241859436035, -7.728149890899658, -7.023321628570557, -5.012732028961182, -6.445025444030762, -6.862464904785156, -7.420987606048584, -7.168336868286133, -6.999909400939941, -6.55097770690918]",96,-7.07796223461628,504,ai,,,"[0, 6, 12, 19, 25, 31, 38, 44, 50, 57, 63, 69, 76, 82, 88, 95]",23413190815003e0f608e4b79916d0fb3991d532fccd01e967fd42e47d9c97d7,VEO3,compression,controlled_ai_non_animal_01,504
0.9995817539904268,ai_non_animal,,non_animal,0.0,waverep,5.8875120419834275,24.0,"[5.296452522277832, 7.391261100769043, 8.002992630004883, 8.11612319946289, 7.882830619812012, 8.505931854248047, 8.800537109375, 8.415898323059082, 6.890976428985596, 8.055343627929688, 7.482556343078613, 9.205760955810547, 8.569825172424316, 7.766890525817871, 8.016733169555664, 6.064245223999023]",96,7.779022425413132,504,ai,,,"[0, 6, 12, 19, 25, 31, 38, 44, 50, 57, 63, 69, 76, 82, 88, 95]",8e38d584867d8d5dea48739901cb1d9f478e48540ef401fe17c4cfc916b473ca,VEO3,baseline,controlled_ai_non_animal_02,504
0.6758793855331747,ai_non_animal,,non_animal,-0.3237023684572521,waverep,5.963913874991704,24.0,"[0.7249228954315186, 2.8417625427246094, 0.7856676578521729, 1.4236685037612915, 0.23673462867736816, 1.64485502243042, 3.934811592102051, 3.5457022190093994, 0.7189814448356628, 0.9356085062026978, 0.3068401515483856, 0.03937190771102905, -0.5370490550994873, -2.0648884773254395, -1.5439854860305786, -1.234621286392212]",96,0.7348989229649305,504,ai,,,"[0, 6, 12, 19, 25, 31, 38, 44, 50, 57, 63, 69, 76, 82, 88, 95]",3dea2e90668c752e3cf21d163ee0561ab7a4018d172e1494f1d2bd94691fc4b2,VEO3,compression,controlled_ai_non_animal_02,504
0.9898970487425781,ai_non_animal,,non_animal,0.0,waverep,5.9957805830053985,24.0,"[1.891991376876831, 2.47411847114563, 1.3837618827819824, 2.9692630767822266, 4.205171585083008, 5.5361809730529785, 6.394334316253662, 6.270167350769043, 4.2924394607543945, 6.0003509521484375, 4.513879299163818, 6.260637283325195, 4.006242752075195, 7.257533073425293, 5.6275835037231445, 4.27271842956543]",96,4.584773361682892,504,ai,,,"[0, 6, 12, 19, 25, 31, 38, 44, 50, 57, 63, 69, 76, 82, 88, 95]",fa3f361476b87ca528eb7d918d8f9e7c3377de00d07349c57daa71db699992d3,VEO3,baseline,controlled_ai_non_animal_03,504
0.002951473178199307,ai_non_animal,,non_animal,-0.9869455755643788,waverep,6.353553708002437,24.0,"[-2.55458402633667, -4.822147369384766, -4.283113479614258, -6.4202070236206055, -4.019440174102783, -5.963974475860596, -6.998847007751465, -5.449382781982422, -7.179029941558838, -7.980886936187744, -6.5487213134765625, -6.511659622192383, -7.185909748077393, -4.690999984741211, -6.098694324493408, -6.452322006225586]",96,-5.822495013475418,504,ai,,,"[0, 6, 12, 19, 25, 31, 38, 44, 50, 57, 63, 69, 76, 82, 88, 95]",c760820ac459cb2404e90d69785887fee1b444fd51cc85aa9471f94d5fc95066,VEO3,compression,controlled_ai_non_animal_03,504
0.9839402095923093,ai_non_animal,,non_animal,0.0,waverep,6.2004502920026425,24.0,"[6.223067283630371, 0.8269999027252197, 3.961305618286133, 7.148248672485352, 4.295368671417236, 5.746304512023926, 3.081149101257324, 2.854085922241211, 3.084115505218506, 5.236076354980469, 5.779353141784668, 4.6109724044799805, 2.790891647338867, 5.010012149810791, 2.7246205806732178, 2.471372127532959]",96,4.115246474742889,504,ai,,,"[0, 6, 12, 19, 25, 31, 38, 44, 50, 57, 63, 69, 76, 82, 88, 95]",1aa1da0a4fa8ef9bfeb6dbfdcf2a5d6168ba93822129f2fe37ab2eebb8436ace,VEO3,baseline,controlled_ai_non_animal_04,504
0.0009736320108020877,ai_non_animal,,non_animal,-0.9829665775815072,waverep,5.861381666007219,24.0,"[-4.695282936096191, -9.038394927978516, -6.767251968383789, -6.431637763977051, -6.722137451171875, -7.040897846221924, -7.638185501098633, -7.078523635864258, -7.0405378341674805, -7.026623725891113, -6.276462554931641, -6.517731189727783, -6.941117763519287, -7.403424263000488, -7.1458892822265625, -7.171949863433838]",96,-6.933503031730652,504,ai,,,"[0, 6, 12, 19, 25, 31, 38, 44, 50, 57, 63, 69, 76, 82, 88, 95]",6a48eb48459c6912081ccfa2ced36a26adee69188635aea7de3f0f58f67893ba,VEO3,compression,controlled_ai_non_animal_04,504
0.09267371326575014,ai_non_animal,,non_animal,0.0,waverep,5.782445333024953,24.0,"[-0.8206171989440918, -1.5830638408660889, -0.8889913558959961, 0.44118669629096985, 0.5124258995056152, -2.692831516265869, -3.2341675758361816, -6.029738903045654, -4.6052021980285645, -1.0936834812164307, -2.062267541885376, -5.430758476257324, -4.544504165649414, -1.445542573928833, -1.4841854572296143, -1.5407345294952393]",96,-2.281417263671756,504,ai,,,"[0, 6, 12, 19, 25, 31, 38, 44, 50, 57, 63, 69, 76, 82, 88, 95]",fda206c51373c1a1c26166cbb16099264e0b3164514f0228525f68f45030f497,VEO3,baseline,controlled_ai_non_animal_05,504
0.00016787393758003327,ai_non_animal,,non_animal,-0.09250583932817011,waverep,6.158057166991057,24.0,"[-6.105913162231445, -9.424217224121094, -9.729001998901367, -6.474256992340088, -8.97891616821289, -8.812082290649414, -9.628338813781738, -9.066240310668945, -8.051511764526367, -9.578662872314453, -9.372858047485352, -9.444293975830078, -8.783554077148438, -8.473705291748047, -8.06751537322998, -9.083001136779785]",96,-8.692129343748093,504,ai,,,"[0, 6, 12, 19, 25, 31, 38, 44, 50, 57, 63, 69, 76, 82, 88, 95]",024d076fead6f3737c3af1d3472ec5530b949cdcbdc0d8108a3cf1aed11b6471,VEO3,compression,controlled_ai_non_animal_05,504
0.7320824872868131,real_animal,,animal,0.0,waverep,5.801337040989893,24.0,"[1.1246075630187988, 0.24587738513946533, 0.6145918369293213, 1.6784530878067017, 1.1660277843475342, -0.5223619937896729, -0.5588515996932983, 1.900592565536499, 0.2466585636138916, 0.9752209186553955, 1.921249508857727, 1.218317985534668, 0.6918953657150269, 2.5479960441589355, 0.8107517957687378, 2.022397994995117]",96,1.005214050412178,504,real,,,"[0, 6, 12, 19, 25, 31, 38, 44, 50, 57, 63, 69, 76, 82, 88, 95]",ebaaf41f757f0346a01825d0402f8e9d14c30016bca9579efc61b123ede8809e,MSVD,baseline,controlled_real_animal_01,504
0.6883779791671549,real_animal,,animal,-0.0437045081196582,waverep,5.8727312500122935,24.0,"[-3.7072129249572754, -4.101073741912842, -3.1368746757507324, -1.6755074262619019, 1.0652806758880615, -1.2908504009246826, 0.8724314570426941, 0.3873302638530731, 3.3176722526550293, 2.2280969619750977, 3.781928777694702, 3.9031364917755127, 2.5036988258361816, 4.913399696350098, 1.4006946086883545, 2.2186026573181152]",96,0.7925470937043428,504,real,,,"[0, 6, 12, 19, 25, 31, 38, 44, 50, 57, 63, 69, 76, 82, 88, 95]",96d4313a9a0ce57b635dcd72b6246c431b1cfb52da1e20e60d69748ea77cae1b,MSVD,compression,controlled_real_animal_01,504
0.000581321484240408,real_animal,,animal,0.0,waverep,5.9095727920066565,24.0,"[-7.091475486755371, -8.28023624420166, -7.431131362915039, -7.20661735534668, -7.747536659240723, -7.74376106262207, -8.174666404724121, -8.070503234863281, -7.008177757263184, -6.8607988357543945, -7.904545783996582, -7.346283912658691, -7.057744026184082, -6.218430519104004, -7.612504005432129, -7.439589500427246]",96,-7.449625134468079,504,real,,,"[0, 6, 12, 19, 25, 31, 38, 44, 50, 57, 63, 69, 76, 82, 88, 95]",c557af11f132930610cb73e883f95388d74565b3b063d54356b6efd80183bc17,MSVD,baseline,controlled_real_animal_02,504
0.0003232102618784201,real_animal,,animal,-0.00025811122236198787,waverep,5.8110798750130925,24.0,"[-6.375922203063965, -7.9431891441345215, -7.748150825500488, -7.742077827453613, -8.121208190917969, -8.080790519714355, -8.283942222595215, -8.146831512451172, -8.13433837890625, -8.257518768310547, -8.507452011108398, -8.308341026306152, -7.998724937438965, -8.317695617675781, -8.315086364746094, -8.308877944946289]",96,-8.036884218454361,504,real,,,"[0, 6, 12, 19, 25, 31, 38, 44, 50, 57, 63, 69, 76, 82, 88, 95]",23f74b72da25823fcbbb4be4a21992241963014d05c86bd9df4e177207cba36c,MSVD,compression,controlled_real_animal_02,504
0.0010340788902783932,real_animal,,animal,0.0,waverep,5.81623608400696,24.0,"[-9.046344757080078, -7.994348049163818, -8.55510139465332, -7.55429744720459, -8.236100196838379, -5.1750078201293945, -6.158312797546387, -6.821927070617676, -2.940142869949341, -1.9125120639801025, -8.666938781738281, -5.401471138000488, -6.466856956481934, -7.968144416809082, -8.156201362609863, -8.917646408081055]",96,-6.873209595680237,504,real,,,"[0, 6, 12, 19, 25, 31, 38, 44, 50, 57, 63, 69, 76, 82, 88, 95]",9836fd7d0ccc13b33161cfe6ebe33753ea84806e06d33b0a7814afd644d2ae1b,MSVD,baseline,controlled_real_animal_03,504
0.0005910235782859963,real_animal,,animal,-0.0004430553119923969,waverep,5.786378624994541,24.0,"[-7.218369483947754, -8.520925521850586, -8.934754371643066, -8.787046432495117, -7.986402988433838, -5.05088996887207, -6.675480842590332, -5.839098930358887, -5.834659576416016, -8.318486213684082, -6.78748893737793, -8.353374481201172, -8.213850975036621, -6.496435642242432, -9.185013771057129, -6.726737022399902]",96,-7.433063447475433,504,real,,,"[0, 6, 12, 19, 25, 31, 38, 44, 50, 57, 63, 69, 76, 82, 88, 95]",d4328c4632bec19fb620b30704a6c98ed269185a0eaca0fddc7c813896f454b1,MSVD,compression,controlled_real_animal_03,504
0.00012331047142347755,real_animal,,animal,0.0,waverep,6.16222379199462,24.0,"[-10.155333518981934, -10.032916069030762, -9.983966827392578, -9.059708595275879, -9.078532218933105, -8.582035064697266, -8.669843673706055, -9.672682762145996, -8.945940971374512, -9.283318519592285, -7.9317474365234375, -7.756012439727783, -8.393774032592773, -8.888282775878906, -8.419379234313965, -9.15743637084961]",96,-9.000681906938553,504,real,,,"[0, 6, 12, 19, 25, 31, 38, 44, 50, 57, 63, 69, 76, 82, 88, 95]",f831db63bfad48029f048897f5844a6a2d8d9593d32a1dc00ee8859884e17ca7,MSVD,baseline,controlled_real_animal_04,504
0.00010210907111294696,real_animal,,animal,-2.120140031053059e-05,waverep,5.911581541993655,24.0,"[-8.388080596923828, -9.789494514465332, -10.078104972839355, -9.951594352722168, -10.118752479553223, -9.996204376220703, -10.136076927185059, -9.99897289276123, -8.81276798248291, -8.585222244262695, -7.973618507385254, -7.8173723220825195, -8.812299728393555, -8.791025161743164, -8.521718978881836, -9.258563995361328]",96,-9.18936687707901,504,real,,,"[0, 6, 12, 19, 25, 31, 38, 44, 50, 57, 63, 69, 76, 82, 88, 95]",25af61e8edd8a7bdc8ce3be239a64e5ec6ef64b1da15342d6f7275a3102b71ce,MSVD,compression,controlled_real_animal_04,504
0.008413385063886574,real_animal,,animal,0.0,waverep,5.8594393329985905,24.0,"[-6.469412803649902, -5.5135931968688965, -6.831607341766357, 1.5935389995574951, 2.4250128269195557, -5.400177478790283, -7.807066917419434, -7.548309326171875, -7.337557315826416, -7.483942985534668, -4.574483871459961, -5.974466800689697, -7.154189109802246, -2.4795899391174316, -4.1869049072265625, -1.5689682960510254]",96,-4.769482403993607,504,real,,,"[0, 6, 12, 19, 25, 31, 38, 44, 50, 57, 63, 69, 76, 82, 88, 95]",5df4f6ce8b1cc8e475cb6d54f6710fc8098f7e440f0d85edc8b3c589d40739ff,MSVD,baseline,controlled_real_animal_05,504
0.001459793343529453,real_animal,,animal,-0.006953591720357121,waverep,5.736582165991422,24.0,"[-6.771548748016357, -6.83381462097168, -8.367171287536621, -2.1070892810821533, -0.899841845035553, -8.13552474975586, -6.903790473937988, -8.079307556152344, -6.679863929748535, -7.380248069763184, -7.790038108825684, -8.125350952148438, -7.353477478027344, -6.3686676025390625, -6.576720714569092, -6.075537204742432]",96,-6.52799953892827,504,real,,,"[0, 6, 12, 19, 25, 31, 38, 44, 50, 57, 63, 69, 76, 82, 88, 95]",57cf0bcf147886747b233f4ca19391e18437c55b694b29b1eb2b3c369afb7e03,MSVD,compression,controlled_real_animal_05,504
0.0008593026950554281,real_non_animal,,non_animal,0.0,waverep,6.64180604199646,24.0,"[-6.190245151519775, -7.194911956787109, -6.237883567810059, -3.6550445556640625, -6.807379722595215, -7.677953720092773, -8.192937850952148, -8.003599166870117, -7.701564311981201, -7.296635627746582, -7.118528842926025, -6.78986120223999, -7.025054931640625, -7.96750545501709, -7.521728515625, -7.555639743804932]",96,-7.058529645204544,504,real,,,"[0, 6, 12, 19, 25, 31, 38, 44, 50, 57, 63, 69, 76, 82, 88, 95]",c544cdb9670011b625ab2593cbb88ca6c4e7f1db9707a8bfaf5209dac9970eed,MSVD,baseline,controlled_real_non_animal_01,504
0.00010795439215501052,real_non_animal,,non_animal,-0.0007513483029004175,waverep,8.489863124996191,24.0,"[-6.862270355224609, -8.791099548339844, -8.482322692871094, -9.139579772949219, -9.19914436340332, -9.54295825958252, -9.678415298461914, -9.556102752685547, -9.2875394821167, -9.635326385498047, -9.406560897827148, -9.530535697937012, -9.426124572753906, -9.352533340454102, -9.049057006835938, -9.199529647827148]",96,-9.133693754673004,504,real,,,"[0, 6, 12, 19, 25, 31, 38, 44, 50, 57, 63, 69, 76, 82, 88, 95]",11a085b1af1b8211b159f135d954c9435533853fad33ed548571c2e1c09fc3fa,MSVD,compression,controlled_real_non_animal_01,504
0.0065688839985212615,real_non_animal,,non_animal,0.0,waverep,5.8445760419999715,24.0,"[-5.289118766784668, -5.969625473022461, -4.972298622131348, -6.140942573547363, -5.045147895812988, -6.031884670257568, -4.553510665893555, -4.71317195892334, -6.680816650390625, -4.680504322052002, -5.347153663635254, -7.620704650878906, -7.575460910797119, -3.6702072620391846, 0.692757248878479, -2.703341484069824]",96,-5.018820770084858,504,real,,,"[0, 6, 12, 19, 25, 31, 38, 44, 50, 57, 63, 69, 76, 82, 88, 95]",d10386dbb6d1d7cd1dd7bc8e2949a1491f732c9f4ca86bc927cbc947390b81bd,MSVD,baseline,controlled_real_non_animal_02,504
0.0013914172106306453,real_non_animal,,non_animal,-0.005177466787890616,waverep,6.440408707974711,24.0,"[-5.775047779083252, -7.601237773895264, -6.367443084716797, -6.5478410720825195, -5.190356254577637, -6.554065704345703, -4.088293552398682, -6.2367424964904785, -6.523223400115967, -7.516044616699219, -7.587794303894043, -7.925017356872559, -7.0306010246276855, -6.029925346374512, -6.456618309020996, -7.786389350891113]",96,-6.576040089130402,504,real,,,"[0, 6, 12, 19, 25, 31, 38, 44, 50, 57, 63, 69, 76, 82, 88, 95]",b966ba0ba10496476a52b6ffc73401bc729dce7b8ec040519a84caaa950cad8f,MSVD,compression,controlled_real_non_animal_02,504
0.0011672879075272664,real_non_animal,,non_animal,0.0,waverep,6.080055915983394,24.0,"[-7.913690567016602, -7.505101203918457, -7.301729679107666, -6.645103931427002, -8.075489044189453, -6.182657718658447, -7.76769495010376, -7.191578388214111, -7.120652675628662, -7.540594100952148, -6.522438049316406, -4.502323627471924, -6.216396331787109, -5.039793968200684, -6.581101894378662, -5.924122333526611]",96,-6.751904278993607,504,real,,,"[0, 6, 12, 19, 25, 31, 38, 44, 50, 57, 63, 69, 76, 82, 88, 95]",dca67ec50603edc6277465a6c3c3c4147af76251574c14892ef4b7bf419cd9b0,MSVD,baseline,controlled_real_non_animal_03,504
0.0001396818786042153,real_non_animal,,non_animal,-0.0010276060289230512,waverep,6.113485958980164,24.0,"[-7.224921226501465, -8.503556251525879, -8.374966621398926, -9.049745559692383, -10.017232894897461, -9.908169746398926, -10.149518013000488, -8.615222930908203, -9.243879318237305, -9.423507690429688, -9.070767402648926, -9.30784797668457, -8.778392791748047, -7.739502906799316, -8.23560905456543, -8.373212814331055]",96,-8.876003324985504,504,real,,,"[0, 6, 12, 19, 25, 31, 38, 44, 50, 57, 63, 69, 76, 82, 88, 95]",4c19aa17bd5ba708d4fe3ed08aa810cd7c4edfb8de345ca2b45f5ecf7d5079ed,MSVD,compression,controlled_real_non_animal_03,504
0.009175194415812295,real_non_animal,,non_animal,0.0,waverep,6.094460416992661,24.0,"[-4.753493309020996, -6.997742652893066, -5.66996955871582, -2.663956642150879, -4.14586067199707, -4.956239700317383, -3.928835153579712, -6.055893898010254, -5.128268241882324, -5.195414066314697, -4.254568099975586, -4.290592670440674, -4.318918228149414, -3.919318199157715, -4.298250198364258, -4.3352251052856445]",96,-4.682034149765968,504,real,,,"[0, 6, 12, 19, 25, 31, 38, 44, 50, 57, 63, 69, 76, 82, 88, 95]",cea679dbc76f677fc680ed2798634dad168e39b99f23897106d3894127474b7c,MSVD,baseline,controlled_real_non_animal_04,504
0.00024553447462246936,real_non_animal,,non_animal,-0.008929659941189825,waverep,6.335242000001017,24.0,"[-5.767154693603516, -9.04358959197998, -8.691329002380371, -7.003567695617676, -7.084972381591797, -7.364666938781738, -7.875523567199707, -9.591316223144531, -8.605876922607422, -8.64475154876709, -9.949407577514648, -9.40433406829834, -9.43099594116211, -9.254539489746094, -8.824396133422852, -6.452820301055908]",96,-8.311827629804611,504,real,,,"[0, 6, 12, 19, 25, 31, 38, 44, 50, 57, 63, 69, 76, 82, 88, 95]",bfdb8dde61129a6d0fc2a1f42f60fcafdd0cc45fcf8b8d7452abe7209f85cc83,MSVD,compression,controlled_real_non_animal_04,504
0.05137270155177995,real_non_animal,,non_animal,0.0,waverep,6.086707375012338,24.0,"[0.3644549548625946, -0.5001242756843567, 0.9739829301834106, -1.6034462451934814, -3.147904872894287, 0.18541014194488525, -4.093007564544678, -0.6918172836303711, -4.713491439819336, -6.6230902671813965, -4.928814888000488, -4.895015716552734, -2.0683021545410156, -4.446274757385254, -5.394512176513672, -5.072591304779053]",96,-2.915909057483077,504,real,,,"[0, 6, 12, 19, 25, 31, 38, 44, 50, 57, 63, 69, 76, 82, 88, 95]",81f8cd4fbeab93b7065daf9582fc3d4d5b29215ff670cfcd8f229ae3e38ae80e,MSVD,baseline,controlled_real_non_animal_05,504
0.009657464449692775,real_non_animal,,non_animal,-0.041715237102087174,waverep,6.0236190000141505,24.0,"[-1.6756837368011475, -1.4394454956054688, -2.244290351867676, -5.851365566253662, -4.977025508880615, -5.197844505310059, -6.733275890350342, -2.9594786167144775, -6.225933074951172, -3.9020655155181885, -6.076608180999756, -6.659844398498535, -2.844109296798706, -5.06236457824707, -5.78637170791626, -6.449409484863281]",96,-4.630319744348526,504,real,,,"[0, 6, 12, 19, 25, 31, 38, 44, 50, 57, 63, 69, 76, 82, 88, 95]",4b8357d536545e07e09c7c4cb8d102fb052b48ee2a3b9471c626b1a33588ce06,MSVD,compression,controlled_real_non_animal_05,504
