ai_score,cell,consistency_score,content,crf,delta_vs_baseline,delta_vs_original,detector,elapsed_sec,fps,frame_logits,frames,fusion_logit,height,label,motion_score,pixel_score,reused,sampled_frame_indices,sampled_seconds,sha256,source,subject,variant,video_id,width
0.005296257324516773,,0.053254786878824234,,0,-0.9946709601208568,0.0,aegis,3.4294885839917697,29.97002997002997,,240,-5.23544454574585,720,real,0.3257850110530853,0.0023241995368152857,False,"[60, 67, 75, 83, 91, 99, 107, 115, 122, 130, 138, 146, 154, 162, 170, 178]","[2.0020000000000002, 2.2355666666666667, 2.5025, 2.769433333333333, 3.036366666666667, 3.3033, 3.5702333333333334, 3.8371666666666666, 4.070733333333333, 4.337666666666666, 4.6046000000000005, 4.871533333333334, 5.138466666666667, 5.4054, 5.6723333333333334, 5.939266666666667]",9379a0509a6d4892644d44e90d67d9561bc6a8defdadb0c1bb2e5172ce7fc03e,,White kitten close-up,original,controlled_real_animal_01,1280
0.9999672174453735,real_animal,0.9999436140060425,animal,18,0.0,0.9946709601208568,aegis,2.3545936660084408,24.0,,96,10.327315330505371,504,real,0.3991124629974365,0.9999128580093384,True,"[0, 6, 12, 19, 25, 31, 38, 44, 50, 57, 63, 69, 76, 82, 88, 95]","[0.0, 0.25, 0.5, 0.7916666666666666, 1.0416666666666667, 1.2916666666666667, 1.5833333333333333, 1.8333333333333333, 2.0833333333333335, 2.375, 2.625, 2.875, 3.1666666666666665, 3.4166666666666665, 3.6666666666666665, 3.9583333333333335]",ebaaf41f757f0346a01825d0402f8e9d14c30016bca9579efc61b123ede8809e,MSVD,White kitten close-up,crf_18,controlled_real_animal_01,504
0.9999490976333618,,0.9999325275421143,,23,-1.811981201171875e-05,0.994652840308845,aegis,2.275267042015912,24.0,,96,9.88532829284668,504,real,0.450730562210083,0.9998674392700195,False,"[0, 6, 12, 19, 25, 31, 38, 44, 50, 57, 63, 69, 76, 82, 88, 95]","[0.0, 0.25, 0.5, 0.7916666666666666, 1.0416666666666667, 1.2916666666666667, 1.5833333333333333, 1.8333333333333333, 2.0833333333333335, 2.375, 2.625, 2.875, 3.1666666666666665, 3.4166666666666665, 3.6666666666666665, 3.9583333333333335]",ad351e8c457943e215008a99ae0423d4d59dd0696017bffa3c389391c4b4e652,,White kitten close-up,crf_23,controlled_real_animal_01,504
0.9999427795410156,,0.9999321699142456,,28,-2.4437904357910156e-05,0.9946465222164989,aegis,2.2677738750062417,24.0,,96,9.767986297607422,504,real,0.49679356813430786,0.9998406171798706,False,"[0, 6, 12, 19, 25, 31, 38, 44, 50, 57, 63, 69, 76, 82, 88, 95]","[0.0, 0.25, 0.5, 0.7916666666666666, 1.0416666666666667, 1.2916666666666667, 1.5833333333333333, 1.8333333333333333, 2.0833333333333335, 2.375, 2.625, 2.875, 3.1666666666666665, 3.4166666666666665, 3.6666666666666665, 3.9583333333333335]",e45bbe23b2f076cb9aaf03fa651e45522dd7c66e5273bf1ea94a80f664ed3294,,White kitten close-up,crf_28,controlled_real_animal_01,504
0.9049241542816162,real_animal,0.9989619255065918,animal,35,-0.09504306316375732,0.8996278969570994,aegis,2.3062610409979243,24.0,,96,2.253175735473633,504,real,0.4296535849571228,0.6172507405281067,True,"[0, 6, 12, 19, 25, 31, 38, 44, 50, 57, 63, 69, 76, 82, 88, 95]","[0.0, 0.25, 0.5, 0.7916666666666666, 1.0416666666666667, 1.2916666666666667, 1.5833333333333333, 1.8333333333333333, 2.0833333333333335, 2.375, 2.625, 2.875, 3.1666666666666665, 3.4166666666666665, 3.6666666666666665, 3.9583333333333335]",96d4313a9a0ce57b635dcd72b6246c431b1cfb52da1e20e60d69748ea77cae1b,MSVD,White kitten close-up,crf_35,controlled_real_animal_01,504
2.7769148800871335e-05,,0.0005045383586548269,,0,-6.4888863562373444e-06,0.0,aegis,3.5526070829946548,29.97002997002997,,150,-10.491557121276855,720,real,0.01000240258872509,0.00013036330346949399,False,"[15, 22, 30, 38, 46, 54, 62, 70, 77, 85, 93, 101, 109, 117, 125, 133]","[0.5005000000000001, 0.7340666666666666, 1.0010000000000001, 1.2679333333333334, 1.5348666666666666, 1.8018, 2.0687333333333333, 2.3356666666666666, 2.5692333333333335, 2.8361666666666667, 3.1031, 3.370033333333333, 3.636966666666667, 3.9039, 4.170833333333333, 4.437766666666667]",3244354377a0ca913b2e22ea8b7bf32f40b3cdb4f742bed848fdae83411db727,,Gray horse with rider,original,controlled_real_animal_04,1280
3.425803515710868e-05,real_animal,0.0005038758390583098,animal,18,0.0,6.4888863562373444e-06,aegis,2.292100875027245,24.0,,96,-10.28155517578125,504,real,0.012805109843611717,0.00016348372446373105,True,"[0, 6, 12, 19, 25, 31, 38, 44, 50, 57, 63, 69, 76, 82, 88, 95]","[0.0, 0.25, 0.5, 0.7916666666666666, 1.0416666666666667, 1.2916666666666667, 1.5833333333333333, 1.8333333333333333, 2.0833333333333335, 2.375, 2.625, 2.875, 3.1666666666666665, 3.4166666666666665, 3.6666666666666665, 3.9583333333333335]",f831db63bfad48029f048897f5844a6a2d8d9593d32a1dc00ee8859884e17ca7,MSVD,Gray horse with rider,crf_18,controlled_real_animal_04,504
3.3137410355266184e-05,,0.0005011852481402457,,23,-1.1206248018424958e-06,5.368261554394849e-06,aegis,2.25711512498674,24.0,,96,-10.314814567565918,504,real,0.012615525163710117,0.00015601834456901997,False,"[0, 6, 12, 19, 25, 31, 38, 44, 50, 57, 63, 69, 76, 82, 88, 95]","[0.0, 0.25, 0.5, 0.7916666666666666, 1.0416666666666667, 1.2916666666666667, 1.5833333333333333, 1.8333333333333333, 2.0833333333333335, 2.375, 2.625, 2.875, 3.1666666666666665, 3.4166666666666665, 3.6666666666666665, 3.9583333333333335]",0a4f1a8fde534bca6ac1cbc806875fcf0ee998653abff5cbeafa3ab0a692dd7f,,Gray horse with rider,crf_23,controlled_real_animal_04,504
3.4333781513851136e-05,,0.0005041040130890906,,28,7.574635674245656e-08,6.564632712979801e-06,aegis,2.27802487500594,24.0,,96,-10.279346466064453,504,real,0.013116560876369476,0.00016086592222563922,False,"[0, 6, 12, 19, 25, 31, 38, 44, 50, 57, 63, 69, 76, 82, 88, 95]","[0.0, 0.25, 0.5, 0.7916666666666666, 1.0416666666666667, 1.2916666666666667, 1.5833333333333333, 1.8333333333333333, 2.0833333333333335, 2.375, 2.625, 2.875, 3.1666666666666665, 3.4166666666666665, 3.6666666666666665, 3.9583333333333335]",c52dd45e9f22b264277ce031fc28a9ecb477d293ed9bdab9ddb17de5cddc8fd3,,Gray horse with rider,crf_28,controlled_real_animal_04,504
3.80612000299152e-05,real_animal,0.0004975586198270321,animal,35,3.8031648728065193e-06,1.0292051229043864e-05,aegis,2.2750607919879258,24.0,,96,-10.176277160644531,504,real,0.014337596483528614,0.00016027876699808985,True,"[0, 6, 12, 19, 25, 31, 38, 44, 50, 57, 63, 69, 76, 82, 88, 95]","[0.0, 0.25, 0.5, 0.7916666666666666, 1.0416666666666667, 1.2916666666666667, 1.5833333333333333, 1.8333333333333333, 2.0833333333333335, 2.375, 2.625, 2.875, 3.1666666666666665, 3.4166666666666665, 3.6666666666666665, 3.9583333333333335]",25af61e8edd8a7bdc8ce3be239a64e5ec6ef64b1da15342d6f7275a3102b71ce,MSVD,Gray horse with rider,crf_35,controlled_real_animal_04,504
0.9999841451644897,,0.9999287128448486,,0,2.6226043701171875e-06,0.0,aegis,3.2805978329852223,24.0,,192,11.048829078674316,720,ai,0.1527000218629837,0.999968409538269,False,"[48, 54, 60, 67, 73, 79, 86, 92, 98, 105, 111, 117, 124, 130, 136, 143]","[2.0, 2.25, 2.5, 2.7916666666666665, 3.0416666666666665, 3.2916666666666665, 3.5833333333333335, 3.8333333333333335, 4.083333333333333, 4.375, 4.625, 4.875, 5.166666666666667, 5.416666666666667, 5.666666666666667, 5.958333333333333]",ef9bfdde1f3e81da8c77bc05447ce9aa9d7a4c21d854f2e4a64e27d91a9c520a,,Elephant in grassland,original,controlled_ai_animal_02,1280
0.9999815225601196,ai_animal,0.9999313354492188,animal,18,0.0,-2.6226043701171875e-06,aegis,2.348387083009584,24.0,,96,10.901509284973145,504,ai,0.1130106970667839,0.999976396560669,True,"[0, 6, 12, 19, 25, 31, 38, 44, 50, 57, 63, 69, 76, 82, 88, 95]","[0.0, 0.25, 0.5, 0.7916666666666666, 1.0416666666666667, 1.2916666666666667, 1.5833333333333333, 1.8333333333333333, 2.0833333333333335, 2.375, 2.625, 2.875, 3.1666666666666665, 3.4166666666666665, 3.6666666666666665, 3.9583333333333335]",90178ca4ba4ae57750e562ad0dd8f058668cce976803021d13732f0acc5256e0,VEO3,Elephant in grassland,crf_18,controlled_ai_animal_02,504
0.9999816417694092,,0.9999312162399292,,23,1.1920928955078125e-07,-2.5033950805664062e-06,aegis,2.2616640829946846,24.0,,96,10.9071683883667,504,ai,0.11254527419805527,0.999976634979248,False,"[0, 6, 12, 19, 25, 31, 38, 44, 50, 57, 63, 69, 76, 82, 88, 95]","[0.0, 0.25, 0.5, 0.7916666666666666, 1.0416666666666667, 1.2916666666666667, 1.5833333333333333, 1.8333333333333333, 2.0833333333333335, 2.375, 2.625, 2.875, 3.1666666666666665, 3.4166666666666665, 3.6666666666666665, 3.9583333333333335]",e333ad462ee2dac9dc9b9d9a205be8ade61dd4f584d96e846c198dea3de601e8,,Elephant in grassland,crf_23,controlled_ai_animal_02,504
0.9999816417694092,,0.9999309778213501,,28,1.1920928955078125e-07,-2.5033950805664062e-06,aegis,2.236838083015755,24.0,,96,10.902568817138672,504,ai,0.10672759264707565,0.9999773502349854,False,"[0, 6, 12, 19, 25, 31, 38, 44, 50, 57, 63, 69, 76, 82, 88, 95]","[0.0, 0.25, 0.5, 0.7916666666666666, 1.0416666666666667, 1.2916666666666667, 1.5833333333333333, 1.8333333333333333, 2.0833333333333335, 2.375, 2.625, 2.875, 3.1666666666666665, 3.4166666666666665, 3.6666666666666665, 3.9583333333333335]",9fed078caa36d54cb85e08684d3ffbf3668d6be6c1eedef12c819413351f621d,,Elephant in grassland,crf_28,controlled_ai_animal_02,504
0.999984622001648,ai_animal,0.9999315738677979,animal,35,3.0994415283203125e-06,4.76837158203125e-07,aegis,2.441481040994404,24.0,,96,11.080870628356934,504,ai,0.11195666342973709,0.9999786615371704,True,"[0, 6, 12, 19, 25, 31, 38, 44, 50, 57, 63, 69, 76, 82, 88, 95]","[0.0, 0.25, 0.5, 0.7916666666666666, 1.0416666666666667, 1.2916666666666667, 1.5833333333333333, 1.8333333333333333, 2.0833333333333335, 2.375, 2.625, 2.875, 3.1666666666666665, 3.4166666666666665, 3.6666666666666665, 3.9583333333333335]",a30986a93d363819a04012f6b0f69f0b0ccc6921d73a79ced2c4fbd775b5ea75,VEO3,Elephant in grassland,crf_35,controlled_ai_animal_02,504
0.9906104207038879,,0.9995588660240173,,0,-0.009298384189605713,0.0,aegis,3.274557333003031,24.0,,192,4.658720970153809,720,ai,0.5403419137001038,0.9920662641525269,False,"[48, 54, 60, 67, 73, 79, 86, 92, 98, 105, 111, 117, 124, 130, 136, 143]","[2.0, 2.25, 2.5, 2.7916666666666665, 3.0416666666666665, 3.2916666666666665, 3.5833333333333335, 3.8333333333333335, 4.083333333333333, 4.375, 4.625, 4.875, 5.166666666666667, 5.416666666666667, 5.666666666666667, 5.958333333333333]",a647531e78412a32a839b00e7eabe2401aa71f460ba21cfb78337f61bce1378f,,People walking at sunset,original,controlled_ai_non_animal_03,1280
0.9999088048934937,ai_non_animal,0.9998472929000854,non_animal,18,0.0,0.009298384189605713,aegis,2.2858542499889154,24.0,,96,9.30272388458252,504,ai,0.5519465804100037,0.9998432397842407,True,"[0, 6, 12, 19, 25, 31, 38, 44, 50, 57, 63, 69, 76, 82, 88, 95]","[0.0, 0.25, 0.5, 0.7916666666666666, 1.0416666666666667, 1.2916666666666667, 1.5833333333333333, 1.8333333333333333, 2.0833333333333335, 2.375, 2.625, 2.875, 3.1666666666666665, 3.4166666666666665, 3.6666666666666665, 3.9583333333333335]",fa3f361476b87ca528eb7d918d8f9e7c3377de00d07349c57daa71db699992d3,VEO3,People walking at sunset,crf_18,controlled_ai_non_animal_03,504
0.9997931122779846,,0.9998303651809692,,23,-0.0001156926155090332,0.00918269157409668,aegis,2.2647532080009114,24.0,,96,8.48325252532959,504,ai,0.544602632522583,0.9997075200080872,False,"[0, 6, 12, 19, 25, 31, 38, 44, 50, 57, 63, 69, 76, 82, 88, 95]","[0.0, 0.25, 0.5, 0.7916666666666666, 1.0416666666666667, 1.2916666666666667, 1.5833333333333333, 1.8333333333333333, 2.0833333333333335, 2.375, 2.625, 2.875, 3.1666666666666665, 3.4166666666666665, 3.6666666666666665, 3.9583333333333335]",36f22b2b624566b5abbb00fea020c4a17d0345efb36f5d12ba0b00dfe63381c2,,People walking at sunset,crf_23,controlled_ai_non_animal_03,504
0.99826580286026,,0.9997498393058777,,28,-0.0016430020332336426,0.00765538215637207,aegis,2.2409134159970563,24.0,,96,6.355432033538818,504,ai,0.507954478263855,0.9985609650611877,False,"[0, 6, 12, 19, 25, 31, 38, 44, 50, 57, 63, 69, 76, 82, 88, 95]","[0.0, 0.25, 0.5, 0.7916666666666666, 1.0416666666666667, 1.2916666666666667, 1.5833333333333333, 1.8333333333333333, 2.0833333333333335, 2.375, 2.625, 2.875, 3.1666666666666665, 3.4166666666666665, 3.6666666666666665, 3.9583333333333335]",43c181620c80363c4499fb352a7960f85eb33fad29232fa2351b09de0b2d0667,,People walking at sunset,crf_28,controlled_ai_non_animal_03,504
0.9310910701751709,ai_non_animal,0.9993374943733215,non_animal,35,-0.06881773471832275,-0.05951935052871704,aegis,2.245063999987906,24.0,,96,2.6035704612731934,504,ai,0.6235865354537964,0.9458094239234924,True,"[0, 6, 12, 19, 25, 31, 38, 44, 50, 57, 63, 69, 76, 82, 88, 95]","[0.0, 0.25, 0.5, 0.7916666666666666, 1.0416666666666667, 1.2916666666666667, 1.5833333333333333, 1.8333333333333333, 2.0833333333333335, 2.375, 2.625, 2.875, 3.1666666666666665, 3.4166666666666665, 3.6666666666666665, 3.9583333333333335]",c760820ac459cb2404e90d69785887fee1b444fd51cc85aa9471f94d5fc95066,VEO3,People walking at sunset,crf_35,controlled_ai_non_animal_03,504
0.15137764047251198,,,,0,-0.5807048468143011,0.0,waverep,5.974356665974483,29.97002997002997,"[-0.7513333559036255, -2.5108108520507812, -1.5500915050506592, -2.5237393379211426, -3.5742502212524414, -3.617680072784424, -1.7188684940338135, -4.015998840332031, 0.0018641799688339233, -2.234037160873413, -1.31818425655365, 0.6531376838684082, -2.1120378971099854, -0.9076240062713623, -1.516489028930664, 0.1147569864988327]",240,-1.723836636170745,720,real,,,False,"[60, 67, 75, 83, 91, 99, 107, 115, 122, 130, 138, 146, 154, 162, 170, 178]","[2.0020000000000002, 2.2355666666666667, 2.5025, 2.769433333333333, 3.036366666666667, 3.3033, 3.5702333333333334, 3.8371666666666666, 4.070733333333333, 4.337666666666666, 4.6046000000000005, 4.871533333333334, 5.138466666666667, 5.4054, 5.6723333333333334, 5.939266666666667]",9379a0509a6d4892644d44e90d67d9561bc6a8defdadb0c1bb2e5172ce7fc03e,,White kitten close-up,original,controlled_real_animal_01,1280
0.7320824872868131,real_animal,,animal,18,0.0,0.5807048468143011,waverep,5.801337040989893,24.0,"[1.1246075630187988, 0.24587738513946533, 0.6145918369293213, 1.6784530878067017, 1.1660277843475342, -0.5223619937896729, -0.5588515996932983, 1.900592565536499, 0.2466585636138916, 0.9752209186553955, 1.921249508857727, 1.218317985534668, 0.6918953657150269, 2.5479960441589355, 0.8107517957687378, 2.022397994995117]",96,1.005214050412178,504,real,,,True,"[0, 6, 12, 19, 25, 31, 38, 44, 50, 57, 63, 69, 76, 82, 88, 95]","[0.0, 0.25, 0.5, 0.7916666666666666, 1.0416666666666667, 1.2916666666666667, 1.5833333333333333, 1.8333333333333333, 2.0833333333333335, 2.375, 2.625, 2.875, 3.1666666666666665, 3.4166666666666665, 3.6666666666666665, 3.9583333333333335]",ebaaf41f757f0346a01825d0402f8e9d14c30016bca9579efc61b123ede8809e,MSVD,White kitten close-up,crf_18,controlled_real_animal_01,504
0.8132515069153068,,,,23,0.08116901962849365,0.6618738664427948,waverep,5.778040083008818,24.0,"[0.5383037328720093, 0.8648117780685425, -1.2733222246170044, 2.1509013175964355, 0.31806689500808716, 0.5569727420806885, 0.5391541719436646, 1.2499300241470337, 2.453425884246826, 1.870956540107727, 3.6841623783111572, 1.9938801527023315, 1.6844887733459473, 4.979665756225586, -0.0037401020526885986, 1.9327847957611084]",96,1.4712776634842157,504,real,,,False,"[0, 6, 12, 19, 25, 31, 38, 44, 50, 57, 63, 69, 76, 82, 88, 95]","[0.0, 0.25, 0.5, 0.7916666666666666, 1.0416666666666667, 1.2916666666666667, 1.5833333333333333, 1.8333333333333333, 2.0833333333333335, 2.375, 2.625, 2.875, 3.1666666666666665, 3.4166666666666665, 3.6666666666666665, 3.9583333333333335]",ad351e8c457943e215008a99ae0423d4d59dd0696017bffa3c389391c4b4e652,,White kitten close-up,crf_23,controlled_real_animal_01,504
0.8755188494543024,,,,28,0.14343636216748923,0.7241412089817904,waverep,5.727386707992991,24.0,"[-2.8887500762939453, -1.1683121919631958, -1.536071538925171, 3.221855640411377, 3.876673698425293, -0.529015064239502, 1.125227689743042, -0.4154871106147766, 3.9741592407226562, 3.9364473819732666, 3.3181867599487305, 3.632006883621216, 3.6200761795043945, 5.5017900466918945, 3.201993227005005, 2.3398172855377197]",96,1.9506623782217503,504,real,,,False,"[0, 6, 12, 19, 25, 31, 38, 44, 50, 57, 63, 69, 76, 82, 88, 95]","[0.0, 0.25, 0.5, 0.7916666666666666, 1.0416666666666667, 1.2916666666666667, 1.5833333333333333, 1.8333333333333333, 2.0833333333333335, 2.375, 2.625, 2.875, 3.1666666666666665, 3.4166666666666665, 3.6666666666666665, 3.9583333333333335]",e45bbe23b2f076cb9aaf03fa651e45522dd7c66e5273bf1ea94a80f664ed3294,,White kitten close-up,crf_28,controlled_real_animal_01,504
0.6883779791671549,real_animal,,animal,35,-0.0437045081196582,0.5370003386946429,waverep,5.8727312500122935,24.0,"[-3.7072129249572754, -4.101073741912842, -3.1368746757507324, -1.6755074262619019, 1.0652806758880615, -1.2908504009246826, 0.8724314570426941, 0.3873302638530731, 3.3176722526550293, 2.2280969619750977, 3.781928777694702, 3.9031364917755127, 2.5036988258361816, 4.913399696350098, 1.4006946086883545, 2.2186026573181152]",96,0.7925470937043428,504,real,,,True,"[0, 6, 12, 19, 25, 31, 38, 44, 50, 57, 63, 69, 76, 82, 88, 95]","[0.0, 0.25, 0.5, 0.7916666666666666, 1.0416666666666667, 1.2916666666666667, 1.5833333333333333, 1.8333333333333333, 2.0833333333333335, 2.375, 2.625, 2.875, 3.1666666666666665, 3.4166666666666665, 3.6666666666666665, 3.9583333333333335]",96d4313a9a0ce57b635dcd72b6246c431b1cfb52da1e20e60d69748ea77cae1b,MSVD,White kitten close-up,crf_35,controlled_real_animal_01,504
6.72243092592891e-05,,,,0,-5.6086162164188454e-05,0.0,waverep,6.050853291992098,29.97002997002997,"[-10.101333618164062, -10.233200073242188, -10.042465209960938, -10.081327438354492, -8.965832710266113, -10.195305824279785, -10.10991096496582, -10.093334197998047, -9.665060043334961, -9.496183395385742, -8.744884490966797, -8.691933631896973, -9.55163288116455, -9.294567108154297, -9.361456871032715, -9.090106010437012]",150,-9.60740840435028,720,real,,,False,"[15, 22, 30, 38, 46, 54, 62, 70, 77, 85, 93, 101, 109, 117, 125, 133]","[0.5005000000000001, 0.7340666666666666, 1.0010000000000001, 1.2679333333333334, 1.5348666666666666, 1.8018, 2.0687333333333333, 2.3356666666666666, 2.5692333333333335, 2.8361666666666667, 3.1031, 3.370033333333333, 3.636966666666667, 3.9039, 4.170833333333333, 4.437766666666667]",3244354377a0ca913b2e22ea8b7bf32f40b3cdb4f742bed848fdae83411db727,,Gray horse with rider,original,controlled_real_animal_04,1280
0.00012331047142347755,real_animal,,animal,18,0.0,5.6086162164188454e-05,waverep,6.16222379199462,24.0,"[-10.155333518981934, -10.032916069030762, -9.983966827392578, -9.059708595275879, -9.078532218933105, -8.582035064697266, -8.669843673706055, -9.672682762145996, -8.945940971374512, -9.283318519592285, -7.9317474365234375, -7.756012439727783, -8.393774032592773, -8.888282775878906, -8.419379234313965, -9.15743637084961]",96,-9.000681906938553,504,real,,,True,"[0, 6, 12, 19, 25, 31, 38, 44, 50, 57, 63, 69, 76, 82, 88, 95]","[0.0, 0.25, 0.5, 0.7916666666666666, 1.0416666666666667, 1.2916666666666667, 1.5833333333333333, 1.8333333333333333, 2.0833333333333335, 2.375, 2.625, 2.875, 3.1666666666666665, 3.4166666666666665, 3.6666666666666665, 3.9583333333333335]",f831db63bfad48029f048897f5844a6a2d8d9593d32a1dc00ee8859884e17ca7,MSVD,Gray horse with rider,crf_18,controlled_real_animal_04,504
0.00013990148553197379,,,,23,1.6591014108496236e-05,7.267717627268469e-05,waverep,6.326213374995859,24.0,"[-9.894888877868652, -10.142722129821777, -9.959508895874023, -8.686261177062988, -9.517395973205566, -8.062958717346191, -9.950085639953613, -9.766105651855469, -8.832670211791992, -9.079527854919434, -8.137360572814941, -7.535891532897949, -7.850170135498047, -7.883999347686768, -7.174336910247803, -9.517030715942383]",96,-8.874432146549225,504,real,,,False,"[0, 6, 12, 19, 25, 31, 38, 44, 50, 57, 63, 69, 76, 82, 88, 95]","[0.0, 0.25, 0.5, 0.7916666666666666, 1.0416666666666667, 1.2916666666666667, 1.5833333333333333, 1.8333333333333333, 2.0833333333333335, 2.375, 2.625, 2.875, 3.1666666666666665, 3.4166666666666665, 3.6666666666666665, 3.9583333333333335]",0a4f1a8fde534bca6ac1cbc806875fcf0ee998653abff5cbeafa3ab0a692dd7f,,Gray horse with rider,crf_23,controlled_real_animal_04,504
9.088552819569651e-05,,,,28,-3.242494322778104e-05,2.3661218936407418e-05,waverep,5.727306124987081,24.0,"[-9.30323314666748, -10.38160514831543, -10.109785079956055, -10.106181144714355, -10.024606704711914, -9.481285095214844, -10.020931243896484, -9.769691467285156, -9.299556732177734, -8.780515670776367, -7.93215274810791, -7.592886447906494, -8.830976486206055, -9.320585250854492, -8.718595504760742, -9.220514297485352]",96,-9.305818885564804,504,real,,,False,"[0, 6, 12, 19, 25, 31, 38, 44, 50, 57, 63, 69, 76, 82, 88, 95]","[0.0, 0.25, 0.5, 0.7916666666666666, 1.0416666666666667, 1.2916666666666667, 1.5833333333333333, 1.8333333333333333, 2.0833333333333335, 2.375, 2.625, 2.875, 3.1666666666666665, 3.4166666666666665, 3.6666666666666665, 3.9583333333333335]",c52dd45e9f22b264277ce031fc28a9ecb477d293ed9bdab9ddb17de5cddc8fd3,,Gray horse with rider,crf_28,controlled_real_animal_04,504
0.00010210907111294696,real_animal,,animal,35,-2.120140031053059e-05,3.4884761853657865e-05,waverep,5.911581541993655,24.0,"[-8.388080596923828, -9.789494514465332, -10.078104972839355, -9.951594352722168, -10.118752479553223, -9.996204376220703, -10.136076927185059, -9.99897289276123, -8.81276798248291, -8.585222244262695, -7.973618507385254, -7.8173723220825195, -8.812299728393555, -8.791025161743164, -8.521718978881836, -9.258563995361328]",96,-9.18936687707901,504,real,,,True,"[0, 6, 12, 19, 25, 31, 38, 44, 50, 57, 63, 69, 76, 82, 88, 95]","[0.0, 0.25, 0.5, 0.7916666666666666, 1.0416666666666667, 1.2916666666666667, 1.5833333333333333, 1.8333333333333333, 2.0833333333333335, 2.375, 2.625, 2.875, 3.1666666666666665, 3.4166666666666665, 3.6666666666666665, 3.9583333333333335]",25af61e8edd8a7bdc8ce3be239a64e5ec6ef64b1da15342d6f7275a3102b71ce,MSVD,Gray horse with rider,crf_35,controlled_real_animal_04,504
0.9997238471498135,,,,0,0.003443869853638315,0.0,waverep,5.957151332986541,24.0,"[7.782036781311035, 8.25578498840332, 7.782619476318359, 7.890349388122559, 9.469568252563477, 8.134181022644043, 7.587645530700684, 7.7942399978637695, 9.079670906066895, 9.363292694091797, 8.55720329284668, 8.72482967376709, 8.249061584472656, 7.502402305603027, 7.275782585144043, 7.659809112548828]",192,8.194279849529266,720,ai,,,False,"[48, 54, 60, 67, 73, 79, 86, 92, 98, 105, 111, 117, 124, 130, 136, 143]","[2.0, 2.25, 2.5, 2.7916666666666665, 3.0416666666666665, 3.2916666666666665, 3.5833333333333335, 3.8333333333333335, 4.083333333333333, 4.375, 4.625, 4.875, 5.166666666666667, 5.416666666666667, 5.666666666666667, 5.958333333333333]",ef9bfdde1f3e81da8c77bc05447ce9aa9d7a4c21d854f2e4a64e27d91a9c520a,,Elephant in grassland,original,controlled_ai_animal_02,1280
0.9962799772961752,ai_animal,,animal,18,0.0,-0.003443869853638315,waverep,5.788033707998693,24.0,"[2.7491559982299805, 3.6024537086486816, 3.1658213138580322, 4.694892883300781, 7.157276630401611, 5.872103214263916, 5.450170516967773, 5.566705703735352, 6.95285701751709, 7.98115348815918, 7.335768699645996, 6.275341987609863, 7.120278358459473, 6.028154373168945, 5.372815132141113, 4.119827747344971]",96,5.590298548340797,504,ai,,,True,"[0, 6, 12, 19, 25, 31, 38, 44, 50, 57, 63, 69, 76, 82, 88, 95]","[0.0, 0.25, 0.5, 0.7916666666666666, 1.0416666666666667, 1.2916666666666667, 1.5833333333333333, 1.8333333333333333, 2.0833333333333335, 2.375, 2.625, 2.875, 3.1666666666666665, 3.4166666666666665, 3.6666666666666665, 3.9583333333333335]",90178ca4ba4ae57750e562ad0dd8f058668cce976803021d13732f0acc5256e0,VEO3,Elephant in grassland,crf_18,controlled_ai_animal_02,504
0.8932964728857893,,,,23,-0.10298350441038595,-0.10642737426402427,waverep,5.775794334011152,24.0,"[0.48666319251060486, -1.382232904434204, -3.1084742546081543, 0.34807562828063965, 0.42011892795562744, 0.28350400924682617, 0.4698925018310547, 1.2800800800323486, 4.339961051940918, 4.397903919219971, 5.912395477294922, 3.98565673828125, 3.9462192058563232, 4.1337080001831055, 4.233898639678955, 4.250458717346191]",96,2.1248643081635237,504,ai,,,False,"[0, 6, 12, 19, 25, 31, 38, 44, 50, 57, 63, 69, 76, 82, 88, 95]","[0.0, 0.25, 0.5, 0.7916666666666666, 1.0416666666666667, 1.2916666666666667, 1.5833333333333333, 1.8333333333333333, 2.0833333333333335, 2.375, 2.625, 2.875, 3.1666666666666665, 3.4166666666666665, 3.6666666666666665, 3.9583333333333335]",e333ad462ee2dac9dc9b9d9a205be8ade61dd4f584d96e846c198dea3de601e8,,Elephant in grassland,crf_23,controlled_ai_animal_02,504
0.015328884128776935,,,,28,-0.9809510931673983,-0.9843949630210366,waverep,5.6909650420129765,24.0,"[-1.884084939956665, -4.676026821136475, -5.663012504577637, -5.516846656799316, -4.9996113777160645, -4.970998287200928, -5.234927177429199, -5.399033069610596, -4.526953220367432, -2.5160183906555176, -1.6328380107879639, -2.9784624576568604, -4.23576021194458, -4.005974292755127, -3.908669948577881, -4.451883316040039]",96,-4.1625687927007675,504,ai,,,False,"[0, 6, 12, 19, 25, 31, 38, 44, 50, 57, 63, 69, 76, 82, 88, 95]","[0.0, 0.25, 0.5, 0.7916666666666666, 1.0416666666666667, 1.2916666666666667, 1.5833333333333333, 1.8333333333333333, 2.0833333333333335, 2.375, 2.625, 2.875, 3.1666666666666665, 3.4166666666666665, 3.6666666666666665, 3.9583333333333335]",9fed078caa36d54cb85e08684d3ffbf3668d6be6c1eedef12c819413351f621d,,Elephant in grassland,crf_28,controlled_ai_animal_02,504
0.0008786127047950404,ai_animal,,animal,35,-0.9954013645913802,-0.9988452344450185,waverep,5.715308291022666,24.0,"[-6.515037536621094, -6.930263519287109, -6.9695234298706055, -7.499549865722656, -7.511029243469238, -7.302931308746338, -7.329921245574951, -7.392467975616455, -7.277105331420898, -6.977472305297852, -5.5945024490356445, -7.037284851074219, -7.084662437438965, -7.394012451171875, -6.564203262329102, -7.2006306648254395]",96,-7.036287367343903,504,ai,,,True,"[0, 6, 12, 19, 25, 31, 38, 44, 50, 57, 63, 69, 76, 82, 88, 95]","[0.0, 0.25, 0.5, 0.7916666666666666, 1.0416666666666667, 1.2916666666666667, 1.5833333333333333, 1.8333333333333333, 2.0833333333333335, 2.375, 2.625, 2.875, 3.1666666666666665, 3.4166666666666665, 3.6666666666666665, 3.9583333333333335]",a30986a93d363819a04012f6b0f69f0b0ccc6921d73a79ced2c4fbd775b5ea75,VEO3,Elephant in grassland,crf_35,controlled_ai_animal_02,504
0.9997110480252306,,,,0,0.009813999282652475,0.0,waverep,5.773561084002722,24.0,"[7.472637176513672, 7.309737682342529, 6.193945407867432, 7.297109603881836, 7.764204502105713, 8.253608703613281, 8.7351713180542, 8.500783920288086, 8.69795036315918, 9.0245361328125, 8.496434211730957, 9.180839538574219, 7.823713779449463, 8.174141883850098, 8.202947616577148, 9.255615234375]",192,8.148961067199707,720,ai,,,False,"[48, 54, 60, 67, 73, 79, 86, 92, 98, 105, 111, 117, 124, 130, 136, 143]","[2.0, 2.25, 2.5, 2.7916666666666665, 3.0416666666666665, 3.2916666666666665, 3.5833333333333335, 3.8333333333333335, 4.083333333333333, 4.375, 4.625, 4.875, 5.166666666666667, 5.416666666666667, 5.666666666666667, 5.958333333333333]",a647531e78412a32a839b00e7eabe2401aa71f460ba21cfb78337f61bce1378f,,People walking at sunset,original,controlled_ai_non_animal_03,1280
0.9898970487425781,ai_non_animal,,non_animal,18,0.0,-0.009813999282652475,waverep,5.9957805830053985,24.0,"[1.891991376876831, 2.47411847114563, 1.3837618827819824, 2.9692630767822266, 4.205171585083008, 5.5361809730529785, 6.394334316253662, 6.270167350769043, 4.2924394607543945, 6.0003509521484375, 4.513879299163818, 6.260637283325195, 4.006242752075195, 7.257533073425293, 5.6275835037231445, 4.27271842956543]",96,4.584773361682892,504,ai,,,True,"[0, 6, 12, 19, 25, 31, 38, 44, 50, 57, 63, 69, 76, 82, 88, 95]","[0.0, 0.25, 0.5, 0.7916666666666666, 1.0416666666666667, 1.2916666666666667, 1.5833333333333333, 1.8333333333333333, 2.0833333333333335, 2.375, 2.625, 2.875, 3.1666666666666665, 3.4166666666666665, 3.6666666666666665, 3.9583333333333335]",fa3f361476b87ca528eb7d918d8f9e7c3377de00d07349c57daa71db699992d3,VEO3,People walking at sunset,crf_18,controlled_ai_non_animal_03,504
0.268835463454178,,,,23,-0.7210615852884001,-0.7308755845710526,waverep,5.727502249996178,24.0,"[1.6087899208068848, -2.583662986755371, -2.119359016418457, -0.9709140062332153, -0.07055544853210449, 0.9431917667388916, -1.8123054504394531, -0.6468505263328552, -2.2296576499938965, -3.7706785202026367, -3.4367332458496094, -0.3212060332298279, -2.0146865844726562, 1.8466476202011108, 0.5916082262992859, -1.022251844406128]",96,-1.0005389861762524,504,ai,,,False,"[0, 6, 12, 19, 25, 31, 38, 44, 50, 57, 63, 69, 76, 82, 88, 95]","[0.0, 0.25, 0.5, 0.7916666666666666, 1.0416666666666667, 1.2916666666666667, 1.5833333333333333, 1.8333333333333333, 2.0833333333333335, 2.375, 2.625, 2.875, 3.1666666666666665, 3.4166666666666665, 3.6666666666666665, 3.9583333333333335]",36f22b2b624566b5abbb00fea020c4a17d0345efb36f5d12ba0b00dfe63381c2,,People walking at sunset,crf_23,controlled_ai_non_animal_03,504
0.029022468457077354,,,,28,-0.9608745802855008,-0.9706885795681532,waverep,5.76291091699386,24.0,"[0.44593724608421326, -5.481189727783203, -4.968131065368652, -4.564320087432861, -4.104892730712891, -1.8558118343353271, -4.852749347686768, -3.4500691890716553, -3.4925906658172607, -4.586153030395508, -3.8757429122924805, -2.721111297607422, -3.8902721405029297, -3.2414402961730957, -2.851449966430664, -2.673741340637207]",96,-3.510233024135232,504,ai,,,False,"[0, 6, 12, 19, 25, 31, 38, 44, 50, 57, 63, 69, 76, 82, 88, 95]","[0.0, 0.25, 0.5, 0.7916666666666666, 1.0416666666666667, 1.2916666666666667, 1.5833333333333333, 1.8333333333333333, 2.0833333333333335, 2.375, 2.625, 2.875, 3.1666666666666665, 3.4166666666666665, 3.6666666666666665, 3.9583333333333335]",43c181620c80363c4499fb352a7960f85eb33fad29232fa2351b09de0b2d0667,,People walking at sunset,crf_28,controlled_ai_non_animal_03,504
0.002951473178199307,ai_non_animal,,non_animal,35,-0.9869455755643788,-0.9967595748470313,waverep,6.353553708002437,24.0,"[-2.55458402633667, -4.822147369384766, -4.283113479614258, -6.4202070236206055, -4.019440174102783, -5.963974475860596, -6.998847007751465, -5.449382781982422, -7.179029941558838, -7.980886936187744, -6.5487213134765625, -6.511659622192383, -7.185909748077393, -4.690999984741211, -6.098694324493408, -6.452322006225586]",96,-5.822495013475418,504,ai,,,True,"[0, 6, 12, 19, 25, 31, 38, 44, 50, 57, 63, 69, 76, 82, 88, 95]","[0.0, 0.25, 0.5, 0.7916666666666666, 1.0416666666666667, 1.2916666666666667, 1.5833333333333333, 1.8333333333333333, 2.0833333333333335, 2.375, 2.625, 2.875, 3.1666666666666665, 3.4166666666666665, 3.6666666666666665, 3.9583333333333335]",c760820ac459cb2404e90d69785887fee1b444fd51cc85aa9471f94d5fc95066,VEO3,People walking at sunset,crf_35,controlled_ai_non_animal_03,504
