ai_score,cell,consistency_score,content,delta_vs_baseline,detector,elapsed_sec,fps,frame_logits,frame_scores,frames,fusion_logit,height,label,model_input_sha256,motion_score,pixel_score,sampled_frame_indices,sampled_rgb_sha256,sha256,source,variant,video_id,width
2.1244002709863707e-05,real_ego4d,0.0015738949878141284,Painting at an easel,0.0,aegis,2.2233271669829264,30.0,,,210,-10.759414672851562,540,real,d38b7cc1a45a77b0b40ea658af0db8ec3aa9bae197b537c844c2c13c757cc2f5,0.011084938421845436,0.0003844421589747071,"[45, 52, 60, 68, 76, 84, 92, 100, 108, 116, 124, 132, 140, 148, 156, 164]",a45909c4f82a069cb5c60a4d715381dad040a23df62df70544e0fca03b480495,5d2e769afd90c5f8d9ff81dc249f5e713624b5c3fc626b79daf5602d61198e4f,Ego4D,original,panel_ego4d_01,720
1.8672177247935906e-05,real_ego4d,0.0005935808876529336,Painting at an easel,0.0,aegis,1.9859846250037663,30.0,,,120,-10.888457298278809,540,real,bc9d262b255bc5f8108c4cc15bfbbfd258e0460bc187165853d44c1aebcc31db,0.016201891005039215,0.00010160444799112156,"[0, 7, 15, 23, 31, 39, 47, 55, 63, 71, 79, 87, 95, 103, 111, 119]",746bb08689990a4d0790d65e2ba3ec1f4f55dd161406708351250b7bdb97c80b,7881605a5a69cc5452ba3f465bce894e49638c5fbd10719df50d4c2d3057d824,Ego4D,original,panel_ego4d_02,720
5.997165135340765e-05,real_ego4d,0.0007185630383901298,Handling food at a stove,0.0,aegis,1.9963608749967534,30.0,,,150,-9.721578598022461,540,real,c571cf3e9cff56c9fbca0686d55003a4cc933e32a6cc0a594ade0139c47050cc,0.09894552826881409,0.00018137606093659997,"[15, 22, 30, 38, 46, 54, 62, 70, 78, 86, 94, 102, 110, 118, 126, 134]",9f97ba997b65d3eb2816a19af182f1b50a9c7fb65b0201bf66ded59fbcc96617,e4dd314e1e8be0f6faaafe2565419046a8b08779192fdc812e510eda20f0f567,Ego4D,original,panel_ego4d_03,720
3.6107998312218115e-05,real_ego4d,0.0012783689890056849,Moving through a kitchen,0.0,aegis,1.983900041988818,30.0,,,180,-10.228960037231445,540,real,49a0f2a5661af9f0db871abd21a4d1c0aaab39dea4e2778483c925db81f77378,0.015943583101034164,0.000322927808156237,"[30, 37, 45, 53, 61, 69, 77, 85, 93, 101, 109, 117, 125, 133, 141, 149]",079fccda21a9ec630c7faf082fa35ba4e456d6f680edfcfdddfaa5c2c7ee17ff,b91b5931baea5714674356bdd656928f855b602fa328f39356360445ea553c83,Ego4D,original,panel_ego4d_04,720
5.248604065855034e-05,real_ego4d,0.0007168315933085978,Reaching into a kitchen cabinet,0.0,aegis,2.073663500021212,30.0,,,180,-9.854910850524902,540,real,e773414fa8d8ab6574228025a682d82ef410de5c751b3c4587adfb0b41af6423,0.04123097285628319,0.00022122815425973386,"[30, 37, 45, 53, 61, 69, 77, 85, 93, 101, 109, 117, 125, 133, 141, 149]",fe115c079766ec5e6977173627f1b6109b12103a09eb7c97dd187df315acf3d8,07a9319acda1dd0dd17fbe64604cf4f0e19ad764ea5ee6f81852cd8a9b0fe3f7,Ego4D,original,panel_ego4d_05,720
5.616621638182551e-05,real_youtube-vos,0.0008309135446324944,Skateboarding outdoors,0.0,aegis,2.2377419169934,30.0,,,180,-9.787138938903809,720,real,90c6832627f557f7155965d21491289bc16f1a465c7e3ac09f8d91cf12df0aa1,0.027779288589954376,0.0008293220307677984,"[30, 37, 45, 53, 61, 69, 77, 85, 93, 101, 109, 117, 125, 133, 141, 149]",4c353ca0d43567d1d757f22b012841a798398874f7f005a175b048ae67aaad63,2ce3437bc16d0ae2d124c7c7bc9e67056b8611666872e4b47cfb9f53ce3f582f,YouTube-VOS,original,panel_youtube_vos_01,1280
0.9994044303894043,real_youtube-vos,0.9999392032623291,Owl on a branch,0.0,aegis,2.089144833997125,30.0,,,150,7.425436973571777,720,real,578874438f7c9c4eda7822f8453a44e7eb41bd604b556d412c3e9522ac3d0a71,0.11397776007652283,0.9996532201766968,"[15, 22, 30, 38, 46, 54, 62, 70, 78, 86, 94, 102, 110, 118, 126, 134]",e0ee893940aec8ee3e11a36c1d023315ff5bb5d4356621de9feaf15c2f64b642,7ffaa2d38d5553371b80b08f43c5619bde4a92fa5d570e1e2dc5125eb4aafa51,YouTube-VOS,original,panel_youtube_vos_02,1280
0.02133346162736416,real_youtube-vos,0.10469922423362732,Bird of prey on a rock,0.0,aegis,2.0898582079971675,30.0,,,180,-3.825914144515991,720,real,d02b4016ac029f6f770960d6dbafe6390c6928781927f2755e7da5a91288c4ac,0.3591894507408142,0.013263124041259289,"[30, 37, 45, 53, 61, 69, 77, 85, 93, 101, 109, 117, 125, 133, 141, 149]",997c1d2045f18e565ab41e0926c1053dbecb0aefbc0a6b4d0e22d12a2c4387e5,a331f20236f84bf48958ff8756f0753afa0bafee1c57149d861a92d273fcd4e3,YouTube-VOS,original,panel_youtube_vos_03,1280
0.00022690636978950351,real_youtube-vos,0.016014525666832924,Kangaroo with a person,0.0,aegis,2.1943241669796407,30.0,,,180,-8.390746116638184,720,real,16ee2b7f17c763b2c0a40fdec42a5a867618efe63388c13d61786db6e185ef71,0.016915230080485344,0.003246954409405589,"[30, 37, 45, 53, 61, 69, 77, 85, 93, 101, 109, 117, 125, 133, 141, 149]",da08913d82cc2e9a0116bb05df57867a44cf7ebfe6d14915160718ae8674e58b,b42da9d6bb72f49c4cd5566f3ae5723a4930441129185ae7fdf2f7efe01ea76d,YouTube-VOS,original,panel_youtube_vos_04,1280
0.00012495790724642575,real_youtube-vos,0.0005981771391816437,Person handling parrots,0.0,aegis,2.0881444580154493,30.0,,,180,-8.987408638000488,720,real,bc50b3957082bdff906bb41866ee62a2e63eb2d1122d69ff63529683f2712a4f,0.4997381865978241,0.0001079446155927144,"[30, 37, 45, 53, 61, 69, 77, 85, 93, 101, 109, 117, 125, 133, 141, 149]",987ae79b19bc71cbe6c3b654e38206178ebb410de26a655bc060a13d13f603de,cc1d6d4923d411b6ff27b761ace4e30b109f27cdaaa3abb3146193ff22f7d57e,YouTube-VOS,original,panel_youtube_vos_05,1280
0.9999980926513672,ai_cosmos,0.9999287128448486,Mobile industrial robot arm,0.0,aegis,2.104782749986043,24.0,,,121,13.164276123046875,704,ai,6721d3e2955e41ac90ef35136654f1923094233b644feedef723c085728e3195,0.9670475721359253,0.9999560117721558,"[12, 18, 24, 31, 37, 43, 50, 56, 62, 69, 75, 81, 88, 94, 100, 107]",a4fb6842602baa7177590e1870a1d30406012cd4ffd5868f0f26b4823e2a4604,83f6174d84b5f8bed7a957263249363800d4f1bf410622601ee4293091104579,Cosmos,original,panel_cosmos_01,1280
0.9553744196891785,ai_cosmos,0.9996745586395264,Skid-steer vehicle moving,0.0,aegis,2.0448440840118565,24.0,,,121,3.063796043395996,704,ai,47c9eb1a4813242c577f279a948225c060ff369d49fb816a0a9e666fc292b02d,0.2982274293899536,0.9906676411628723,"[12, 18, 24, 31, 37, 43, 50, 56, 62, 69, 75, 81, 88, 94, 100, 107]",bb7109464962619dd53cb95a92dd717675d5f7cb80a7ba45934938e8d6949bd0,3f9e0f682d6323494d91ae613e4d2e04003bb9dd27af6b1444a06f6889ebfcca,Cosmos,original,panel_cosmos_02,1280
0.9852065443992615,ai_cosmos,0.999593198299408,Flying delivery drone,0.0,aegis,2.044148665998364,24.0,,,121,4.198663234710693,704,ai,1d1320f6c83a03c9a5ea5f65ce3811abfc71bd23e8418a8055505359dc74b2e9,0.1093021109700203,0.9987773299217224,"[12, 18, 24, 31, 37, 43, 50, 56, 62, 69, 75, 81, 88, 94, 100, 107]",c201d1028c42dd0c9594f813f0fac2b51ef78847974e4996eaa76664df383bc9,2274ccb71debf1feeafe7360896a683108c837c185b8aafd2f0189d8bad70383,Cosmos,original,panel_cosmos_03,1280
0.999902606010437,ai_cosmos,0.9996880292892456,Quadruped robot running,0.0,aegis,2.0379860830144025,24.0,,,121,9.237347602844238,704,ai,25cb1f2598cfd879a15ff818694106a155d69a60744499abd5b2287cfcf9295c,0.029391346499323845,0.9999713897705078,"[12, 18, 24, 31, 37, 43, 50, 56, 62, 69, 75, 81, 88, 94, 100, 107]",34482bebc784ebe2e021cc59bac5e25d8624cc7d419e27dd7f33de61985163ac,cc157d841c2a83ce857d529cd1634024ff33099bfebe329703409b0d67977447,Cosmos,original,panel_cosmos_04,1280
0.9999960660934448,ai_cosmos,0.9999294281005859,Warehouse mobile robot,0.0,aegis,2.0679124160087667,24.0,,,121,12.442933082580566,704,ai,eb183f10e384e82e4f82c76c438c7a04ae814ce1cc643169d1ab2e3ae899afa5,0.7382693886756897,0.999953031539917,"[12, 18, 24, 31, 37, 43, 50, 56, 62, 69, 75, 81, 88, 94, 100, 107]",4015d329ee38095351a894230550b416c778a8ca1f79725b64169c1eb759247e,defa5791b885d204eeae11f9356ae21b5de40b4b5434d8192235835874a0f1e6,Cosmos,original,panel_cosmos_05,1280
0.00013388990191742778,ai_wan,0.12538602948188782,Crane lifting steel beams,0.0,aegis,2.111730875010835,16.0,,,161,-8.91835880279541,720,ai,ffac3ac6e8bbe34c6b6959f87d054bfaae59cf8501a9f0d4a39c06e83ad15387,0.025896361097693443,0.005884866695851088,"[48, 52, 56, 60, 64, 69, 73, 77, 81, 85, 90, 94, 98, 102, 106, 111]",432713c83ac26133eaf1fc897f920f3dedc5545ce95a2b9d1ef5de09b6409117,304b0e5d5bd52c99b4175e4e9e84caeea06425d2137d452fbcc4ab0d94ba3a22,Wan2.2-14B,original,panel_wan_01,1280
0.00017737688904162496,ai_wan,0.24490422010421753,Crane lifting steel beams,0.0,aegis,2.086868582991883,16.0,,,161,-8.637056350708008,720,ai,1c4627815fbe15d504196d8619b9a37f0bac442a8d85430da965c85d5737c6ca,0.026133237406611443,0.006528505589812994,"[48, 52, 56, 60, 64, 69, 73, 77, 81, 85, 90, 94, 98, 102, 106, 111]",84b9d4455d9cc156bc7dad6bebe1f256aa8e8480bb0c1e46aa67f4f22dd4f674,d9a912f77c58c04d3263f8f478d384c5ee26bfaaee20b0f02314ef752bcfb803,Wan2.2-14B,original,panel_wan_02,1280
0.00017712659609969705,ai_wan,0.05919560417532921,Crane lifting steel beams,0.0,aegis,2.097689459013054,16.0,,,161,-8.638468742370605,720,ai,3b23a12d8bce71e2c806b4a1743e81d1b2b92f2a26804e53bd050ebe0040da51,0.034158796072006226,0.005148913711309433,"[48, 52, 56, 60, 64, 69, 73, 77, 81, 85, 90, 94, 98, 102, 106, 111]",31989901ab390aecaab20d89f6e61a16e9fd76777a6ef8789c9ecc2eb59a7757,4bc9112e22a44aad62f30fec34e8e029a1ba364cecad9edde6afb480c1d1c0e1,Wan2.2-14B,original,panel_wan_03,1280
0.00010444821964483708,ai_wan,0.0016091004945337772,Crane lifting a pipe,0.0,aegis,2.228536917013116,16.0,,,161,-9.166714668273926,720,ai,6ba241f54e893b22356b441ae7ce9633932d6d218b480af5e33818cf0776019f,0.13480432331562042,0.0003208744165021926,"[48, 52, 56, 60, 64, 69, 73, 77, 81, 85, 90, 94, 98, 102, 106, 111]",71bb4228af197ef8921102ecb72b1ff284a4bf2221d8ad5c19768a21635ca1a8,949b39c29d327d68bb667c3997167c151fe24387b95967de53b7faa7bed77b6b,Wan2.2-14B,original,panel_wan_04,1280
0.06169126182794571,ai_wan,0.9861583113670349,Workers moving construction materials,0.0,aegis,2.41736675001448,16.0,,,161,-2.7219367027282715,720,ai,c91c34e09e6de2442740162ac6bbb3cc3cdb7652365b53abea3610eca3af542c,0.05748831853270531,0.5707526803016663,"[48, 52, 56, 60, 64, 69, 73, 77, 81, 85, 90, 94, 98, 102, 106, 111]",b7a3a3c7f88f9e92dce0abf41afd1f081afb77896d6acba8028686385d301aba,79f9a06b5b5084828559a196e6be5f57d92d814dbdfbbf909d8f34eaa51c110c,Wan2.2-14B,original,panel_wan_05,1280
0.00524617608289488,real_ego4d,,Painting at an easel,0.0,waverep,7.0673693339922465,30.0,"[-5.259957790374756, -3.524535655975342, -5.411561489105225, -4.494195938110352, -6.965486526489258, -5.1183295249938965, -4.997615337371826, -5.009885787963867, -8.864161491394043, -9.603541374206543, -7.810009002685547, -6.230922698974609, -2.756978988647461, -1.0057778358459473, -2.8704428672790527, -3.9965312480926514]",,210,-5.2449958473443985,540,real,65f1ed8032df4e90bb924d915c974d41c2e4dbff60d7213367865a25bdc3ddfe,,,"[45, 52, 60, 68, 76, 84, 92, 100, 108, 116, 124, 132, 140, 148, 156, 164]",a45909c4f82a069cb5c60a4d715381dad040a23df62df70544e0fca03b480495,5d2e769afd90c5f8d9ff81dc249f5e713624b5c3fc626b79daf5602d61198e4f,Ego4D,original,panel_ego4d_01,720
0.00031775995236688986,real_ego4d,,Painting at an easel,0.0,waverep,7.457099874998676,30.0,"[-6.815567493438721, -8.002689361572266, -7.9861931800842285, -7.337676048278809, -6.382616996765137, -7.8983988761901855, -7.892377853393555, -7.790264129638672, -7.170713424682617, -7.712357521057129, -7.887873649597168, -7.619235038757324, -8.621674537658691, -9.792335510253906, -10.079219818115234, -9.873150825500488]",,120,-8.053896516561508,540,real,0e1d19fa5aa218f6c150a07b2473ced7ccbc818ae261f79201341bf45f7915b1,,,"[0, 7, 15, 23, 31, 39, 47, 55, 63, 71, 79, 87, 95, 103, 111, 119]",746bb08689990a4d0790d65e2ba3ec1f4f55dd161406708351250b7bdb97c80b,7881605a5a69cc5452ba3f465bce894e49638c5fbd10719df50d4c2d3057d824,Ego4D,original,panel_ego4d_02,720
0.0012477598375042521,real_ego4d,,Handling food at a stove,0.0,waverep,6.66464845900191,30.0,"[-9.277746200561523, -8.821773529052734, -8.925030708312988, -8.771528244018555, -7.647421836853027, -9.133481979370117, -3.409341335296631, -6.103592872619629, -5.325307846069336, -6.861753940582275, -6.478997707366943, -8.046823501586914, -5.248577117919922, -4.230801582336426, -3.2872345447540283, -5.393097877502441]",,150,-6.685156926512718,540,real,504530a8e0cd36abd48910c27b04bc3b89214bd54c3e0b4d91b4e9cbc243f37d,,,"[15, 22, 30, 38, 46, 54, 62, 70, 78, 86, 94, 102, 110, 118, 126, 134]",9f97ba997b65d3eb2816a19af182f1b50a9c7fb65b0201bf66ded59fbcc96617,e4dd314e1e8be0f6faaafe2565419046a8b08779192fdc812e510eda20f0f567,Ego4D,original,panel_ego4d_03,720
0.0002014909862139795,real_ego4d,,Moving through a kitchen,0.0,waverep,6.6635127080080565,30.0,"[-6.785325527191162, -8.118599891662598, -6.643951416015625, -7.054861545562744, -8.597688674926758, -9.569314956665039, -9.057955741882324, -6.857629776000977, -9.368921279907227, -9.154407501220703, -9.0623140335083, -10.24068832397461, -9.17895221710205, -7.527313232421875, -9.518253326416016, -9.416852951049805]",,180,-8.509564399719238,540,real,aa470146eaee5ce98d9245a5319a7e7cc7f9696c868f84ca14f96da14db3d4f3,,,"[30, 37, 45, 53, 61, 69, 77, 85, 93, 101, 109, 117, 125, 133, 141, 149]",079fccda21a9ec630c7faf082fa35ba4e456d6f680edfcfdddfaa5c2c7ee17ff,b91b5931baea5714674356bdd656928f855b602fa328f39356360445ea553c83,Ego4D,original,panel_ego4d_04,720
0.00018541649991914762,real_ego4d,,Reaching into a kitchen cabinet,0.0,waverep,7.278584041981958,30.0,"[-8.985136985778809, -7.743313789367676, -7.5764079093933105, -8.694342613220215, -8.969980239868164, -9.12347412109375, -9.799976348876953, -8.966327667236328, -9.738327026367188, -8.882670402526855, -9.470381736755371, -7.993649482727051, -10.045683860778809, -6.856046676635742, -6.16469669342041, -8.473112106323242]",,180,-8.592720478773117,540,real,2b0dc5415cf785c7a4976dc4c3c16576581b3232a481794206525f6d8cb53001,,,"[30, 37, 45, 53, 61, 69, 77, 85, 93, 101, 109, 117, 125, 133, 141, 149]",fe115c079766ec5e6977173627f1b6109b12103a09eb7c97dd187df315acf3d8,07a9319acda1dd0dd17fbe64604cf4f0e19ad764ea5ee6f81852cd8a9b0fe3f7,Ego4D,original,panel_ego4d_05,720
0.00016200927345080008,real_youtube-vos,,Skateboarding outdoors,0.0,waverep,6.3146687079861294,30.0,"[-7.843308925628662, -8.51196575164795, -9.689139366149902, -9.018732070922852, -8.783711433410645, -8.815572738647461, -7.056123733520508, -8.52653694152832, -9.012527465820312, -8.779776573181152, -9.04194450378418, -8.926509857177734, -8.775632858276367, -9.528352737426758, -8.01106071472168, -9.322223663330078]",,180,-8.72769495844841,720,real,4dc75785fa564d98f4535b250dd133f26ccd9c5eaf47d8a6ae1d625953816616,,,"[30, 37, 45, 53, 61, 69, 77, 85, 93, 101, 109, 117, 125, 133, 141, 149]",4c353ca0d43567d1d757f22b012841a798398874f7f005a175b048ae67aaad63,2ce3437bc16d0ae2d124c7c7bc9e67056b8611666872e4b47cfb9f53ce3f582f,YouTube-VOS,original,panel_youtube_vos_01,1280
0.41748681380902525,real_youtube-vos,,Owl on a branch,0.0,waverep,6.280275209021056,30.0,"[1.2946771383285522, 1.1805771589279175, 1.285705804824829, 1.83758544921875, 0.8090019822120667, -0.7249933481216431, 0.27957892417907715, -1.0776402950286865, -2.5636677742004395, -0.6791042685508728, -2.2826991081237793, -0.4277122914791107, 1.8130054473876953, 0.008461982011795044, -3.1576902866363525, -2.924668312072754]",,150,-0.3330988623201847,720,real,7bfdccd2c2ad24e090c040a115d46c1609ba2c41c0e9324cfa2910ab6e339090,,,"[15, 22, 30, 38, 46, 54, 62, 70, 78, 86, 94, 102, 110, 118, 126, 134]",e0ee893940aec8ee3e11a36c1d023315ff5bb5d4356621de9feaf15c2f64b642,7ffaa2d38d5553371b80b08f43c5619bde4a92fa5d570e1e2dc5125eb4aafa51,YouTube-VOS,original,panel_youtube_vos_02,1280
0.02255848212479242,real_youtube-vos,,Bird of prey on a rock,0.0,waverep,6.203382375009824,30.0,"[-4.676088333129883, -3.514752149581909, -5.353085994720459, -4.466346263885498, -4.318983554840088, -4.412132263183594, -3.682706356048584, -3.1701197624206543, -2.88369083404541, -2.805483341217041, -3.8826444149017334, -3.6810030937194824, -2.772531509399414, -2.539062976837158, -3.8897366523742676, -4.252869606018066]",,180,-3.7688273191452026,720,real,c849f50ad6e22a3dc233c54e071afd9fab3c9b4511beddab6917d00b39f9eea8,,,"[30, 37, 45, 53, 61, 69, 77, 85, 93, 101, 109, 117, 125, 133, 141, 149]",997c1d2045f18e565ab41e0926c1053dbecb0aefbc0a6b4d0e22d12a2c4387e5,a331f20236f84bf48958ff8756f0753afa0bafee1c57149d861a92d273fcd4e3,YouTube-VOS,original,panel_youtube_vos_03,1280
0.0322421100764464,real_youtube-vos,,Kangaroo with a person,0.0,waverep,6.978920915978961,30.0,"[-4.832292556762695, -5.119455337524414, -6.299973487854004, -5.4456939697265625, -6.199548244476318, -5.950317859649658, -6.849750518798828, -0.22063928842544556, 0.5698977112770081, -0.06462852656841278, 0.19979915022850037, 2.714484930038452, -3.599423885345459, -3.0594353675842285, -4.802560806274414, -5.467799186706543]",,180,-3.401708577759564,720,real,2fc1d531e98749d87f261249c666842889c43a7b9448bacc79138424b099e797,,,"[30, 37, 45, 53, 61, 69, 77, 85, 93, 101, 109, 117, 125, 133, 141, 149]",da08913d82cc2e9a0116bb05df57867a44cf7ebfe6d14915160718ae8674e58b,b42da9d6bb72f49c4cd5566f3ae5723a4930441129185ae7fdf2f7efe01ea76d,YouTube-VOS,original,panel_youtube_vos_04,1280
0.00031170686718207666,real_youtube-vos,,Person handling parrots,0.0,waverep,7.2145640419912525,30.0,"[-7.838337421417236, -8.24501895904541, -8.514549255371094, -8.762519836425781, -5.548765182495117, -7.6586103439331055, -8.647050857543945, -7.785308361053467, -6.408369064331055, -6.822336673736572, -8.176172256469727, -8.226938247680664, -9.40716552734375, -8.909679412841797, -9.379651069641113, -8.839696884155273]",,180,-8.07313558459282,720,real,a42cbf507a68fb07be1b67708c7cbe3a26668157cc59dfb81ce7d9a983bf2510,,,"[30, 37, 45, 53, 61, 69, 77, 85, 93, 101, 109, 117, 125, 133, 141, 149]",987ae79b19bc71cbe6c3b654e38206178ebb410de26a655bc060a13d13f603de,cc1d6d4923d411b6ff27b761ace4e30b109f27cdaaa3abb3146193ff22f7d57e,YouTube-VOS,original,panel_youtube_vos_05,1280
0.9947973415360839,ai_cosmos,,Mobile industrial robot arm,0.0,waverep,6.018136165977921,24.0,"[8.471956253051758, 6.8390793800354, 8.179112434387207, 6.303556442260742, 6.91298770904541, 5.995697498321533, 3.552830934524536, 3.8022894859313965, 4.753042221069336, 2.892613649368286, 3.1877408027648926, 4.035945892333984, 3.7497143745422363, 5.195466995239258, 4.159635543823242, 6.0222392082214355]",,121,5.253369301557541,704,ai,c5e6a26cdb7ab21906e1797ea6acd6f0605aa4ffbd46ad8f7a9f3d8b166b0a8a,,,"[12, 18, 24, 31, 37, 43, 50, 56, 62, 69, 75, 81, 88, 94, 100, 107]",a4fb6842602baa7177590e1870a1d30406012cd4ffd5868f0f26b4823e2a4604,83f6174d84b5f8bed7a957263249363800d4f1bf410622601ee4293091104579,Cosmos,original,panel_cosmos_01,1280
0.18454137101593873,ai_cosmos,,Skid-steer vehicle moving,0.0,waverep,6.650409750000108,24.0,"[1.6164500713348389, 4.133382320404053, -1.323014497756958, -4.4483819007873535, -4.871683120727539, -1.8952960968017578, -4.213461875915527, -1.8795591592788696, -1.0081311464309692, -0.7856545448303223, -0.8200284242630005, 3.3710544109344482, -3.518887996673584, -4.298714637756348, -0.817777693271637, -3.0143280029296875]",,121,-1.4858770184218884,704,ai,bb3cfa3d53cd2a2f3e276c19a2afeac1dc1711d6da0eb56565ac2a9144e75498,,,"[12, 18, 24, 31, 37, 43, 50, 56, 62, 69, 75, 81, 88, 94, 100, 107]",bb7109464962619dd53cb95a92dd717675d5f7cb80a7ba45934938e8d6949bd0,3f9e0f682d6323494d91ae613e4d2e04003bb9dd27af6b1444a06f6889ebfcca,Cosmos,original,panel_cosmos_02,1280
0.9920478261508419,ai_cosmos,,Flying delivery drone,0.0,waverep,5.892840125015937,24.0,"[5.915984153747559, 9.285537719726562, 2.073141574859619, 4.475472927093506, 8.513509750366211, 4.601565361022949, 0.38645869493484497, 5.113136291503906, -2.1378591060638428, 7.534385681152344, 7.831445693969727, 9.45897388458252, 6.717334747314453, 2.681929349899292, 3.9685120582580566, 0.8016870021820068]",,121,4.826325986534357,704,ai,7f19ebc46d87d50416c2e58c833b696d03c76a10f6accfa10ac836b34a3c4b90,,,"[12, 18, 24, 31, 37, 43, 50, 56, 62, 69, 75, 81, 88, 94, 100, 107]",c201d1028c42dd0c9594f813f0fac2b51ef78847974e4996eaa76664df383bc9,2274ccb71debf1feeafe7360896a683108c837c185b8aafd2f0189d8bad70383,Cosmos,original,panel_cosmos_03,1280
0.974761493807358,ai_cosmos,,Quadruped robot running,0.0,waverep,5.883710958005395,24.0,"[5.004660129547119, 9.53807258605957, 3.786168098449707, 1.9675359725952148, 5.062608242034912, 1.7275679111480713, 5.898064613342285, 5.814729690551758, 6.249646186828613, 2.5323233604431152, 1.510758638381958, 7.459298133850098, -1.3419718742370605, -0.8558948040008545, 0.4598325490951538, 3.647752046585083]",,121,3.6538219675421715,704,ai,54d19a557f5b350fc70405fd7860e3a15616c3cd98b8386613f22eb4e0dd15e8,,,"[12, 18, 24, 31, 37, 43, 50, 56, 62, 69, 75, 81, 88, 94, 100, 107]",34482bebc784ebe2e021cc59bac5e25d8624cc7d419e27dd7f33de61985163ac,cc157d841c2a83ce857d529cd1634024ff33099bfebe329703409b0d67977447,Cosmos,original,panel_cosmos_04,1280
0.9993130703498634,ai_cosmos,,Warehouse mobile robot,0.0,waverep,6.154309000005014,24.0,"[3.89923357963562, 3.413999080657959, 4.448052883148193, 3.5834622383117676, 9.534744262695312, 6.921815872192383, 7.573873519897461, 6.395707607269287, 8.225167274475098, 9.603432655334473, 8.337538719177246, 9.73122787475586, 6.84494686126709, 9.235267639160156, 9.46563720703125, 9.307356834411621]",,121,7.2825915068387985,704,ai,1caec48172789c6fea664f724c7349e8380a7bf8910132a4b456e80b237ea6c0,,,"[12, 18, 24, 31, 37, 43, 50, 56, 62, 69, 75, 81, 88, 94, 100, 107]",4015d329ee38095351a894230550b416c778a8ca1f79725b64169c1eb759247e,defa5791b885d204eeae11f9356ae21b5de40b4b5434d8192235835874a0f1e6,Cosmos,original,panel_cosmos_05,1280
0.9986504436398317,ai_wan,,Crane lifting steel beams,0.0,waverep,6.453162082994822,16.0,"[6.92903995513916, 5.783647537231445, 5.379956245422363, 5.694908618927002, 5.996356964111328, 6.4642415046691895, 4.633861541748047, 4.304530620574951, 7.029441833496094, 6.949574947357178, 6.757616996765137, 7.638995170593262, 7.905793190002441, 8.125458717346191, 7.79276180267334, 8.319876670837402]",,161,6.606628894805908,720,ai,cf0121741c6627eb673a6b7f8f70fffcb0f8c76867fcf70bd73f7fbc6a8d4218,,,"[48, 52, 56, 60, 64, 69, 73, 77, 81, 85, 90, 94, 98, 102, 106, 111]",432713c83ac26133eaf1fc897f920f3dedc5545ce95a2b9d1ef5de09b6409117,304b0e5d5bd52c99b4175e4e9e84caeea06425d2137d452fbcc4ab0d94ba3a22,Wan2.2-14B,original,panel_wan_01,1280
0.994744463254722,ai_wan,,Crane lifting steel beams,0.0,waverep,7.630896249989746,16.0,"[4.025121688842773, 4.7101640701293945, 4.587428092956543, 3.466299057006836, 2.96787428855896, 3.7810850143432617, 4.261143207550049, 5.429211616516113, 7.163307189941406, 4.725378036499023, 4.5166215896606445, 6.190925598144531, 6.5425028800964355, 6.946032524108887, 6.349032402038574, 8.229132652282715]",,161,5.243203744292259,720,ai,dbb2caa24ddc1a2dada0923ec6e6baeb8b374b55fbcc3fafdc58302bc9e5dd70,,,"[48, 52, 56, 60, 64, 69, 73, 77, 81, 85, 90, 94, 98, 102, 106, 111]",84b9d4455d9cc156bc7dad6bebe1f256aa8e8480bb0c1e46aa67f4f22dd4f674,d9a912f77c58c04d3263f8f478d384c5ee26bfaaee20b0f02314ef752bcfb803,Wan2.2-14B,original,panel_wan_02,1280
0.9992256732959303,ai_wan,,Crane lifting steel beams,0.0,waverep,6.695184167008847,16.0,"[3.686276912689209, 5.489274024963379, 5.519260406494141, 7.428903102874756, 7.444362640380859, 6.769374847412109, 6.277114391326904, 7.7027482986450195, 7.853068828582764, 6.830261707305908, 7.792471885681152, 8.398681640625, 8.059417724609375, 8.19459056854248, 8.384721755981445, 8.773344039916992]",,161,7.162742048501968,720,ai,edad1dcad90eb494fd40ceb6265a017d9a964d4d758c7b4796d406022bb961f5,,,"[48, 52, 56, 60, 64, 69, 73, 77, 81, 85, 90, 94, 98, 102, 106, 111]",31989901ab390aecaab20d89f6e61a16e9fd76777a6ef8789c9ecc2eb59a7757,4bc9112e22a44aad62f30fec34e8e029a1ba364cecad9edde6afb480c1d1c0e1,Wan2.2-14B,original,panel_wan_03,1280
0.253086804864254,ai_wan,,Crane lifting a pipe,0.0,waverep,6.443772666010773,16.0,"[-4.684196472167969, -4.639764308929443, -3.9766204357147217, -5.571144104003906, -5.740640640258789, 0.8050985336303711, 3.7406678199768066, 2.384152412414551, -1.7750749588012695, -1.44989812374115, -0.8444570302963257, -0.9718348979949951, -1.2835404872894287, -2.4234390258789062, 4.972225189208984, 4.143003463745117]",,161,-1.0822164416313171,720,ai,00183d6db256fb24850ce8e6b42c1aac78bcb8595950f06a785594f69c620bc8,,,"[48, 52, 56, 60, 64, 69, 73, 77, 81, 85, 90, 94, 98, 102, 106, 111]",71bb4228af197ef8921102ecb72b1ff284a4bf2221d8ad5c19768a21635ca1a8,949b39c29d327d68bb667c3997167c151fe24387b95967de53b7faa7bed77b6b,Wan2.2-14B,original,panel_wan_04,1280
0.11185175744215575,ai_wan,,Workers moving construction materials,0.0,waverep,6.264233249996323,16.0,"[-1.114527940750122, 1.6023192405700684, -4.876935958862305, -4.3086652755737305, -3.5127196311950684, -2.85109806060791, -1.8772964477539062, -0.726313591003418, 0.21406178176403046, -4.148421764373779, -0.9976887702941895, -3.728402614593506, -3.569550037384033, -1.69698166847229, -2.426046371459961, 0.866838812828064]",,161,-2.0719642685726285,720,ai,346cbf96eabf985258025a709dd650378d48d34dbf8423697665ce6988fa5ccd,,,"[48, 52, 56, 60, 64, 69, 73, 77, 81, 85, 90, 94, 98, 102, 106, 111]",b7a3a3c7f88f9e92dce0abf41afd1f081afb77896d6acba8028686385d301aba,79f9a06b5b5084828559a196e6be5f57d92d814dbdfbbf909d8f34eaa51c110c,Wan2.2-14B,original,panel_wan_05,1280
0.789933599793585,real_ego4d,,Painting at an easel,0.0,aigvdet_rgb,1.185761166998418,30.0,"[-6.240787982940674, 0.9477145671844482, 6.760395050048828, 7.306800842285156, 6.252579689025879, 4.73863410949707, 3.1111655235290527, 0.8460386991500854, -5.580063819885254, -1.002010703086853, 7.375725269317627, 13.706012725830078, 14.670578002929688, 15.146217346191406, 14.420764923095703, 14.36093521118164]","[0.001944530988112092, 0.7206553220748901, 0.9988425970077515, 0.9993295669555664, 0.9980782270431519, 0.9913253784179688, 0.9573509693145752, 0.6997354626655579, 0.003758147591724992, 0.26854628324508667, 0.9993740916252136, 0.999998927116394, 0.9999995231628418, 0.9999997615814209, 0.9999994039535522, 0.9999994039535522]",210,,540,real,1352647eb51257f14b16a0111974735f0f07240c750bdb3a6da2adf0d1401ba6,,,"[45, 52, 60, 68, 76, 84, 92, 100, 108, 116, 124, 132, 140, 148, 156, 164]",a45909c4f82a069cb5c60a4d715381dad040a23df62df70544e0fca03b480495,5d2e769afd90c5f8d9ff81dc249f5e713624b5c3fc626b79daf5602d61198e4f,Ego4D,original,panel_ego4d_01,720
0.3276658219838282,real_ego4d,,Painting at an easel,0.0,aigvdet_rgb,1.0518472499970812,30.0,"[8.09315013885498, 1.3280017375946045, 0.858843207359314, 0.13785672187805176, 0.4431227147579193, -1.3152780532836914, -1.7033746242523193, -0.9763171672821045, -1.1257898807525635, -1.0188755989074707, -3.4501776695251465, -0.9746421575546265, -4.099986553192139, -1.9140604734420776, -5.592424392700195, -5.538018226623535]","[0.9996944665908813, 0.7905098795890808, 0.702418863773346, 0.5344097018241882, 0.6090028882026672, 0.21160495281219482, 0.15402503311634064, 0.27362313866615295, 0.24493888020515442, 0.2652464807033539, 0.03076356090605259, 0.27395617961883545, 0.016302714124321938, 0.12852536141872406, 0.003712152363732457, 0.0039188978262245655]",120,,540,real,aa53828492d6af3fbe9f366feeca762d034e77ddd795c8818387ea0a99c925c4,,,"[0, 7, 15, 23, 31, 39, 47, 55, 63, 71, 79, 87, 95, 103, 111, 119]",746bb08689990a4d0790d65e2ba3ec1f4f55dd161406708351250b7bdb97c80b,7881605a5a69cc5452ba3f465bce894e49638c5fbd10719df50d4c2d3057d824,Ego4D,original,panel_ego4d_02,720
6.624337576835969e-05,real_ego4d,,Handling food at a stove,0.0,aigvdet_rgb,1.295876042015152,30.0,"[-14.499726295471191, -16.191701889038086, -19.312969207763672, -19.704448699951172, -18.518394470214844, -19.215351104736328, -21.911319732666016, -22.80887222290039, -20.986339569091797, -19.20904541015625, -13.52043342590332, -11.877058029174805, -9.399240493774414, -10.334134101867676, -7.017961025238037, -10.105624198913574]","[5.044854560765089e-07, 9.290373270687269e-08, 4.0971706027903565e-09, 2.769916296330166e-09, 9.069084150326034e-09, 4.517301199769008e-09, 3.0481389634573475e-10, 1.2423176376508138e-10, 7.686852265820221e-10, 4.545875675887601e-09, 1.3432280638880911e-06, 6.947942438273458e-06, 8.278006862383336e-05, 3.2503376132808626e-05, 0.0008948483155108988, 4.084749525645748e-05]",150,,540,real,8c24b92786276d2b57e1146493c518d0ad10598ef16253e04357735d3c37e7e0,,,"[15, 22, 30, 38, 46, 54, 62, 70, 78, 86, 94, 102, 110, 118, 126, 134]",9f97ba997b65d3eb2816a19af182f1b50a9c7fb65b0201bf66ded59fbcc96617,e4dd314e1e8be0f6faaafe2565419046a8b08779192fdc812e510eda20f0f567,Ego4D,original,panel_ego4d_03,720
5.655859077365044e-06,real_ego4d,,Moving through a kitchen,0.0,aigvdet_rgb,1.100390209001489,30.0,"[-10.358734130859375, -13.898141860961914, -17.4761962890625, -9.763198852539062, -15.810375213623047, -16.32888412475586, -19.571327209472656, -18.20645523071289, -17.458648681640625, -18.234373092651367, -18.052276611328125, -22.00479507446289, -21.128528594970703, -22.872112274169922, -20.24928855895996, -17.785907745361328]","[3.1713570933789015e-05, 9.206897289004701e-07, 2.5714873785886994e-08, 5.7526984164724126e-05, 1.3603204251921852e-07, 8.099453197019102e-08, 3.1643214715160184e-09, 1.2389020476177848e-08, 2.617009009497906e-08, 1.204792798858989e-08, 1.4454260899299243e-08, 2.7761243304169625e-10, 6.668015584132547e-10, 1.1661860366274368e-10, 1.6063704810775903e-09, 1.8865938145040673e-08]",180,,540,real,88305bd208eead8e270df6e487ef3fca4f96c71fa8d261a2e54b5ae7467f68b6,,,"[30, 37, 45, 53, 61, 69, 77, 85, 93, 101, 109, 117, 125, 133, 141, 149]",079fccda21a9ec630c7faf082fa35ba4e456d6f680edfcfdddfaa5c2c7ee17ff,b91b5931baea5714674356bdd656928f855b602fa328f39356360445ea553c83,Ego4D,original,panel_ego4d_04,720
0.022262791421233885,real_ego4d,,Reaching into a kitchen cabinet,0.0,aigvdet_rgb,1.1490784579946194,30.0,"[-13.381220817565918, -6.844355583190918, -8.780296325683594, -9.681905746459961, -6.27903413772583, -7.342675685882568, -7.955035209655762, -8.04018497467041, -14.253427505493164, -12.473798751831055, -12.301055908203125, -14.798754692077637, -13.42700481414795, -10.608745574951172, -3.2629776000976562, -0.77762371301651]","[1.5438637319675763e-06, 0.00106431869789958, 0.00015370889741461724, 6.239856884349138e-05, 0.0018717009807005525, 0.0006468974170275033, 0.00035076780477538705, 0.00032214552629739046, 6.453789751503791e-07, 3.825571639026748e-06, 4.546920081338612e-06, 3.7409535025290097e-07, 1.4747732848263695e-06, 2.4698445486137643e-05, 0.03686334565281868, 0.31483227014541626]",180,,540,real,8676a973d6500ff890d2b13e339a2c01986966abe5210a9b46e9b52ab82cc54c,,,"[30, 37, 45, 53, 61, 69, 77, 85, 93, 101, 109, 117, 125, 133, 141, 149]",fe115c079766ec5e6977173627f1b6109b12103a09eb7c97dd187df315acf3d8,07a9319acda1dd0dd17fbe64604cf4f0e19ad764ea5ee6f81852cd8a9b0fe3f7,Ego4D,original,panel_ego4d_05,720
1.520784181094706e-10,real_youtube-vos,,Skateboarding outdoors,0.0,aigvdet_rgb,1.2464772499806713,30.0,"[-21.506107330322266, -23.528236389160156, -30.627119064331055, -29.09906578063965, -29.045360565185547, -27.169477462768555, -22.302486419677734, -21.933420181274414, -22.79601287841797, -20.739849090576172, -23.283483505249023, -24.417842864990234, -24.985973358154297, -26.56791114807129, -23.031047821044922, -23.233566284179688]","[4.5710529805731426e-10, 6.050855649863962e-11, 4.9981720151581754e-14, 2.303755059981927e-13, 2.430861501673265e-13, 1.5865211705143323e-12, 2.0613569184924074e-10, 2.9815125368592987e-10, 1.2583961650491915e-10, 9.835534608981789e-10, 7.728791912020583e-11, 2.4857966379743246e-11, 1.4084117552770614e-11, 2.8953614679416706e-12, 9.948165902162742e-11, 8.124382416818676e-11]",180,,720,real,7988a5062109e6458bbd1b66f50f6b8dfb5a39bf89f3facbcd7d08de4c65dcb0,,,"[30, 37, 45, 53, 61, 69, 77, 85, 93, 101, 109, 117, 125, 133, 141, 149]",4c353ca0d43567d1d757f22b012841a798398874f7f005a175b048ae67aaad63,2ce3437bc16d0ae2d124c7c7bc9e67056b8611666872e4b47cfb9f53ce3f582f,YouTube-VOS,original,panel_youtube_vos_01,1280
1.552189787766274e-11,real_youtube-vos,,Owl on a branch,0.0,aigvdet_rgb,1.5369136660010554,30.0,"[-25.912799835205078, -24.091720581054688, -25.517070770263672, -28.079851150512695, -22.617443084716797, -24.803428649902344, -25.29644012451172, -27.2691707611084, -28.27338409423828, -27.96919059753418, -27.979719161987305, -28.25294303894043, -24.90306282043457, -27.25326156616211, -28.560630798339844, -28.03327178955078]","[5.574603712671378e-12, 3.444282012377009e-11, 8.280888995348956e-12, 6.383745528720786e-13, 1.5044206158609796e-10, 1.690471373994029e-11, 1.0325132242250401e-11, 1.43598403567341e-12, 5.260479009859542e-13, 7.130744562530711e-13, 7.056061464283392e-13, 5.369115525441504e-13, 1.53016141424267e-11, 1.459012056136133e-12, 3.9470775823127746e-13, 6.688130409736315e-13]",150,,720,real,d8a02f217cf731c9d07e67fe415e36fe1d9cced00144766c99164db3882706c4,,,"[15, 22, 30, 38, 46, 54, 62, 70, 78, 86, 94, 102, 110, 118, 126, 134]",e0ee893940aec8ee3e11a36c1d023315ff5bb5d4356621de9feaf15c2f64b642,7ffaa2d38d5553371b80b08f43c5619bde4a92fa5d570e1e2dc5125eb4aafa51,YouTube-VOS,original,panel_youtube_vos_02,1280
0.005180462187835744,real_youtube-vos,,Bird of prey on a rock,0.0,aigvdet_rgb,1.4070999170071445,30.0,"[-15.092046737670898, -16.388919830322266, -15.598447799682617, -6.962653160095215, -5.81422233581543, -6.656023025512695, -4.146896839141846, -5.418183326721191, -6.452373504638672, -5.130057334899902, -5.499655246734619, -3.2647790908813477, -4.730982303619385, -7.491593360900879, -9.599996566772461, -12.162450790405273]","[2.790019664189458e-07, 7.627505738128093e-08, 1.6814351511129644e-07, 0.0009456866537220776, 0.0029759181197732687, 0.0012845993041992188, 0.015567241236567497, 0.004415612667798996, 0.0015742928953841329, 0.005881425458937883, 0.0040715355426073074, 0.036799438297748566, 0.00874073151499033, 0.0005574426031671464, 6.772438064217567e-05, 5.2229092943889555e-06]",180,,720,real,a934f0cc47ce634062d05886f00ddb5c760e6eb37120c2dba1e6517077d2ccdd,,,"[30, 37, 45, 53, 61, 69, 77, 85, 93, 101, 109, 117, 125, 133, 141, 149]",997c1d2045f18e565ab41e0926c1053dbecb0aefbc0a6b4d0e22d12a2c4387e5,a331f20236f84bf48958ff8756f0753afa0bafee1c57149d861a92d273fcd4e3,YouTube-VOS,original,panel_youtube_vos_03,1280
5.693223962741339e-09,real_youtube-vos,,Kangaroo with a person,0.0,aigvdet_rgb,1.2384270000038669,30.0,"[-21.472122192382812, -22.84771156311035, -21.568065643310547, -21.670215606689453, -21.64291763305664, -21.933326721191406, -19.405168533325195, -18.490123748779297, -19.292482376098633, -26.176223754882812, -25.230304718017578, -16.497663497924805, -24.8193359375, -20.21603775024414, -21.55823516845703, -20.544998168945312]","[4.729070468556529e-10, 1.194991883224361e-10, 4.296433764316987e-10, 3.8792247192276363e-10, 3.986578289705278e-10, 2.9817912028384796e-10, 3.736305487223035e-09, 9.329133021651614e-09, 4.181974322392534e-09, 4.283615129274665e-12, 1.1031076226075687e-11, 6.841569444304696e-08, 1.6637932351293294e-11, 1.6606814812192283e-09, 4.338877868104163e-10, 1.1951452050240619e-09]",180,,720,real,eec3c227e461b8f54e6280eef51f92b2c1af5df8e8715b767beda0167384ca26,,,"[30, 37, 45, 53, 61, 69, 77, 85, 93, 101, 109, 117, 125, 133, 141, 149]",da08913d82cc2e9a0116bb05df57867a44cf7ebfe6d14915160718ae8674e58b,b42da9d6bb72f49c4cd5566f3ae5723a4930441129185ae7fdf2f7efe01ea76d,YouTube-VOS,original,panel_youtube_vos_04,1280
1.7159655976622945e-05,real_youtube-vos,,Person handling parrots,0.0,aigvdet_rgb,1.199673499999335,30.0,"[-14.042698860168457, -11.29762077331543, -11.349624633789062, -14.064565658569336, -15.500128746032715, -12.877467155456543, -13.034360885620117, -13.610738754272461, -14.010191917419434, -13.584712028503418, -13.455740928649902, -16.879642486572266, -18.715425491333008, -15.602518081665039, -8.648343086242676, -9.663987159729004]","[7.96770109445788e-07, 1.2402243555698078e-05, 1.177376998384716e-05, 7.795363785589871e-07, 1.8551521918652725e-07, 2.554970933488221e-06, 2.1839769033249468e-06, 1.2272435014892835e-06, 8.230962293964694e-07, 1.259603891412553e-06, 1.4329972373161581e-06, 4.669435682558287e-08, 7.447216621159214e-09, 1.674605130119744e-07, 0.00017538649262860417, 6.352667696774006e-05]",180,,720,real,f678e1fc965484d95b09ccb71d06adda4e90ae98b8a96509a7136448c6fb8245,,,"[30, 37, 45, 53, 61, 69, 77, 85, 93, 101, 109, 117, 125, 133, 141, 149]",987ae79b19bc71cbe6c3b654e38206178ebb410de26a655bc060a13d13f603de,cc1d6d4923d411b6ff27b761ace4e30b109f27cdaaa3abb3146193ff22f7d57e,YouTube-VOS,original,panel_youtube_vos_05,1280
0.6786740273237228,ai_cosmos,,Mobile industrial robot arm,0.0,aigvdet_rgb,1.1599785420112312,24.0,"[-0.6632015705108643, -1.3510546684265137, -0.9426099061965942, -1.185563325881958, 1.4248204231262207, 1.6370768547058105, 2.2065629959106445, 0.42945587635040283, 2.0162768363952637, 0.4292410910129547, 1.0640193223953247, 0.5962679982185364, 1.4634917974472046, 4.009880065917969, 4.429128646850586, 4.586153507232666]","[0.3400207757949829, 0.20569799840450287, 0.2803734540939331, 0.23405338823795319, 0.8060929775238037, 0.8371368050575256, 0.9008373022079468, 0.6057437062263489, 0.8824954628944397, 0.605692446231842, 0.7434579133987427, 0.6448020339012146, 0.8120661973953247, 0.9821875095367432, 0.9882156848907471, 0.9899107813835144]",121,,704,ai,ebd57cc0d7d9d6247df927998eef25a8a5bd6659a8f07c0730943882c70ea533,,,"[12, 18, 24, 31, 37, 43, 50, 56, 62, 69, 75, 81, 88, 94, 100, 107]",a4fb6842602baa7177590e1870a1d30406012cd4ffd5868f0f26b4823e2a4604,83f6174d84b5f8bed7a957263249363800d4f1bf410622601ee4293091104579,Cosmos,original,panel_cosmos_01,1280
6.558072744411447e-06,ai_cosmos,,Skid-steer vehicle moving,0.0,aigvdet_rgb,1.1677799169847276,24.0,"[-12.860527038574219, -12.496132850646973, -12.512313842773438, -14.379424095153809, -10.927760124206543, -11.693048477172852, -12.960741996765137, -12.744026184082031, -12.409795761108398, -13.409429550170898, -12.996835708618164, -13.041851997375488, -13.217169761657715, -12.108403205871582, -10.034610748291016, -13.3678560256958]","[2.5986209948314354e-06, 3.7410784443636658e-06, 3.6810317851632135e-06, 5.689776685358083e-07, 1.795255593606271e-05, 8.351605174539145e-06, 2.3508248432335677e-06, 2.9197017283877358e-06, 4.078424353792798e-06, 1.5009219396233675e-06, 2.2674878437101142e-06, 2.1676776214007987e-06, 1.8190946775575867e-06, 5.512960797204869e-06, 4.3853564420714974e-05, 1.5646356814613682e-06]",121,,704,ai,b26eb19d2826d787ef7761f0ef926f6822a19ec1990ef3ecafe7f3f6f4c9bb36,,,"[12, 18, 24, 31, 37, 43, 50, 56, 62, 69, 75, 81, 88, 94, 100, 107]",bb7109464962619dd53cb95a92dd717675d5f7cb80a7ba45934938e8d6949bd0,3f9e0f682d6323494d91ae613e4d2e04003bb9dd27af6b1444a06f6889ebfcca,Cosmos,original,panel_cosmos_02,1280
0.7282016006647609,ai_cosmos,,Flying delivery drone,0.0,aigvdet_rgb,1.345368457987206,24.0,"[2.4577558040618896, 2.6445226669311523, 1.316371202468872, 3.338085174560547, 7.62645149230957, 2.371063470840454, -0.9445084929466248, 0.6972784996032715, -1.9367969036102295, 4.828535556793213, 6.609903335571289, 5.948519706726074, 4.506481170654297, 1.9951698780059814, -1.477632761001587, -4.48238468170166]","[0.9211268424987793, 0.9336726665496826, 0.7885773181915283, 0.9657125473022461, 0.999512791633606, 0.9145939350128174, 0.279990553855896, 0.6675840616226196, 0.12600016593933105, 0.9920652508735657, 0.998654842376709, 0.9973970651626587, 0.9890832304954529, 0.8802890777587891, 0.18578524887561798, 0.011180012486875057]",121,,704,ai,f5790ad6f4ad35b588e855b0978994632742e73cb60437589744201a4c209dfb,,,"[12, 18, 24, 31, 37, 43, 50, 56, 62, 69, 75, 81, 88, 94, 100, 107]",c201d1028c42dd0c9594f813f0fac2b51ef78847974e4996eaa76664df383bc9,2274ccb71debf1feeafe7360896a683108c837c185b8aafd2f0189d8bad70383,Cosmos,original,panel_cosmos_03,1280
4.887963751541214e-09,ai_cosmos,,Quadruped robot running,0.0,aigvdet_rgb,1.3765810829936527,24.0,"[-26.614734649658203, -24.723834991455078, -25.671689987182617, -22.962509155273438, -24.62816619873047, -22.530315399169922, -26.14352035522461, -19.981040954589844, -21.979516983032227, -28.744293212890625, -25.161909103393555, -27.564990997314453, -20.137731552124023, -17.768632888793945, -16.86865997314453, -18.737468719482422]","[2.762915547391276e-12, 1.8305218452141503e-11, 7.094580131705719e-12, 1.065390831112012e-10, 2.0142961951186145e-11, 1.6413768955114705e-10, 4.426019880460208e-12, 2.1006039130355703e-09, 2.8471941471153173e-10, 3.28482358501192e-13, 1.1811953325169267e-11, 1.0682588711188878e-12, 1.7959503884057426e-09, 1.91946760708106e-08, 4.7210001241637656e-08, 7.284851832878303e-09]",121,,704,ai,efa4f0a40b0783def7ca1ed32beab3d31a99903de83fd6341b8c633f33289851,,,"[12, 18, 24, 31, 37, 43, 50, 56, 62, 69, 75, 81, 88, 94, 100, 107]",34482bebc784ebe2e021cc59bac5e25d8624cc7d419e27dd7f33de61985163ac,cc157d841c2a83ce857d529cd1634024ff33099bfebe329703409b0d67977447,Cosmos,original,panel_cosmos_04,1280
0.5157723388547311,ai_cosmos,,Warehouse mobile robot,0.0,aigvdet_rgb,1.3557842910231557,24.0,"[-5.909749507904053, -4.697565078735352, -4.80036735534668, -4.041830062866211, -2.1123104095458984, -0.290824830532074, 0.39011719822883606, -0.45994967222213745, 1.4203402996063232, 2.915292501449585, 4.027763843536377, 1.8707621097564697, 2.064392566680908, 3.3793442249298096, 3.7067675590515137, -1.032153606414795]","[0.0027055267710238695, 0.009035073220729828, 0.008159597404301167, 0.017262082546949387, 0.10790606588125229, 0.4278019666671753, 0.5963109135627747, 0.3869977295398712, 0.805391788482666, 0.9485973119735718, 0.9824976325035095, 0.8665464520454407, 0.8873938918113708, 0.9670527577400208, 0.9760318398475647, 0.262666791677475]",121,,704,ai,e8f7fcae827c82cb166295e2b6afc99537dd6bd7dad80d0976e803f7968d7f86,,,"[12, 18, 24, 31, 37, 43, 50, 56, 62, 69, 75, 81, 88, 94, 100, 107]",4015d329ee38095351a894230550b416c778a8ca1f79725b64169c1eb759247e,defa5791b885d204eeae11f9356ae21b5de40b4b5434d8192235835874a0f1e6,Cosmos,original,panel_cosmos_05,1280
1.2832116467499655e-10,ai_wan,,Crane lifting steel beams,0.0,aigvdet_rgb,1.3308936670073308,16.0,"[-24.066795349121094, -23.91015625, -22.941736221313477, -24.21924591064453, -23.494779586791992, -23.563806533813477, -23.675342559814453, -23.407913208007812, -22.933483123779297, -22.50686264038086, -22.36867904663086, -22.057113647460938, -22.25385093688965, -22.443302154541016, -22.31591033935547, -22.058734893798828]","[3.5312103935369876e-11, 4.130009528813261e-11, 1.0877536371634022e-10, 3.0319018129443265e-11, 6.256722223652034e-11, 5.839408123708978e-11, 5.223112220509307e-11, 6.824525666804249e-11, 1.0967681624007852e-10, 1.6803268498843948e-10, 1.9293282249588373e-10, 2.634615581253996e-10, 2.1640900182973155e-10, 1.7905965599140927e-10, 2.033870433182372e-10, 2.630347883947337e-10]",161,,720,ai,99c3998d839e83e61fbcecd8354965906516125cb2f8f767a778cf340a282b22,,,"[48, 52, 56, 60, 64, 69, 73, 77, 81, 85, 90, 94, 98, 102, 106, 111]",432713c83ac26133eaf1fc897f920f3dedc5545ce95a2b9d1ef5de09b6409117,304b0e5d5bd52c99b4175e4e9e84caeea06425d2137d452fbcc4ab0d94ba3a22,Wan2.2-14B,original,panel_wan_01,1280
8.070269625097201e-10,ai_wan,,Crane lifting steel beams,0.0,aigvdet_rgb,1.12101437500678,16.0,"[-24.462671279907227, -24.647136688232422, -23.892223358154297, -24.554533004760742, -24.652727127075195, -24.330665588378906, -25.018157958984375, -24.575145721435547, -24.009363174438477, -22.300125122070312, -20.852401733398438, -21.99057388305664, -21.000144958496094, -20.166593551635742, -19.38296127319336, -19.114660263061523]","[2.3768230439369376e-11, 1.9764441819281053e-11, 4.2047407222689515e-11, 2.1682123110822182e-11, 1.9654257388257435e-11, 2.7122278381530585e-11, 1.3638042084540558e-11, 2.1239770359171573e-11, 3.7399524449588384e-11, 2.0662302424589996e-10, 8.788545446947182e-10, 2.815886135376644e-10, 7.581461014538604e-10, 1.744856481522561e-09, 3.8202068175507975e-09, 4.99583974189477e-09]",161,,720,ai,ca5faf272ed7dec735804e5d6eb7ba1339e26e42c182d7e92d6ea6e9fdc95ebf,,,"[48, 52, 56, 60, 64, 69, 73, 77, 81, 85, 90, 94, 98, 102, 106, 111]",84b9d4455d9cc156bc7dad6bebe1f256aa8e8480bb0c1e46aa67f4f22dd4f674,d9a912f77c58c04d3263f8f478d384c5ee26bfaaee20b0f02314ef752bcfb803,Wan2.2-14B,original,panel_wan_02,1280
1.0777153822139063e-09,ai_wan,,Crane lifting steel beams,0.0,aigvdet_rgb,1.1679154589946847,16.0,"[-20.21184730529785, -20.585250854492188, -20.521896362304688, -20.08562660217285, -21.40314483642578, -20.189472198486328, -20.557403564453125, -21.285964965820312, -20.34489631652832, -20.8332462310791, -22.156557083129883, -22.275421142578125, -21.337867736816406, -21.8365421295166, -20.81700325012207, -19.706356048583984]","[1.6676551251038063e-09, 1.1479928119229044e-09, 1.223076528944489e-09, 1.892008993920058e-09, 5.06678310419062e-10, 1.705389607309371e-09, 1.1804105470858417e-09, 5.696693672341269e-10, 1.4599023101524722e-09, 8.95851726134822e-10, 2.385225905676691e-10, 2.117910014032276e-10, 5.408561376540888e-10, 3.284809924064547e-10, 9.10521769093009e-10, 2.764638296071098e-09]",161,,720,ai,7a153e552439cc61977aef5cb4567dc8849bdbdfa1a0eacb8b816bf8ced7be5a,,,"[48, 52, 56, 60, 64, 69, 73, 77, 81, 85, 90, 94, 98, 102, 106, 111]",31989901ab390aecaab20d89f6e61a16e9fd76777a6ef8789c9ecc2eb59a7757,4bc9112e22a44aad62f30fec34e8e029a1ba364cecad9edde6afb480c1d1c0e1,Wan2.2-14B,original,panel_wan_03,1280
1.6691960204665013e-08,ai_wan,,Crane lifting a pipe,0.0,aigvdet_rgb,1.1701815830019768,16.0,"[-21.433250427246094, -22.062543869018555, -22.277097702026367, -21.055774688720703, -21.37796974182129, -18.849750518798828, -17.483253479003906, -17.05213737487793, -16.702518463134766, -18.83919334411621, -19.31175994873047, -20.18791961669922, -20.28939437866211, -19.88377571105957, -18.262187957763672, -16.024431228637695]","[4.916517748476679e-10, 2.620347827608782e-10, 2.1143622963570863e-10, 7.171223614932387e-10, 5.195959218440294e-10, 6.511144956533599e-09, 2.553403710692237e-08, 3.9296224940699176e-08, 5.574275263597883e-08, 6.5802483462107375e-09, 4.102127970639913e-09, 1.7080394876245464e-09, 1.5432205513477015e-09, 2.315186264922886e-09, 1.1717435022262634e-08, 1.0981910492091629e-07]",161,,720,ai,6b90deafefac24e137f1f41d6a5fd653a6c23d5b57320e906e97cc9c99bd7cfe,,,"[48, 52, 56, 60, 64, 69, 73, 77, 81, 85, 90, 94, 98, 102, 106, 111]",71bb4228af197ef8921102ecb72b1ff284a4bf2221d8ad5c19768a21635ca1a8,949b39c29d327d68bb667c3997167c151fe24387b95967de53b7faa7bed77b6b,Wan2.2-14B,original,panel_wan_04,1280
1.0502250049900885e-07,ai_wan,,Workers moving construction materials,0.0,aigvdet_rgb,1.1075798329839017,16.0,"[-26.525053024291992, -25.969545364379883, -25.494998931884766, -25.889219284057617, -26.41356658935547, -25.672286987304688, -25.14614486694336, -24.265684127807617, -23.525802612304688, -19.630035400390625, -18.810508728027344, -16.81458854675293, -18.047683715820312, -17.19338035583496, -14.396244049072266, -13.803078651428223]","[3.0221489373538635e-12, 5.267078006382375e-12, 8.46569602613867e-12, 5.707617972000589e-12, 3.3785767152710866e-12, 7.0903456717008595e-12, 1.1999635660120411e-11, 2.8943250574009483e-11, 6.065599411630984e-11, 2.9838977955165547e-09, 6.7717338403383565e-09, 4.983299106697814e-08, 1.4520800561967917e-08, 3.412005966652032e-08, 5.594874892267399e-07, 1.0125085054824012e-06]",161,,720,ai,588f5f54cdee50e56bb26a38524ffba0430b44a00c6ab823f136cb8ee5867f34,,,"[48, 52, 56, 60, 64, 69, 73, 77, 81, 85, 90, 94, 98, 102, 106, 111]",b7a3a3c7f88f9e92dce0abf41afd1f081afb77896d6acba8028686385d301aba,79f9a06b5b5084828559a196e6be5f57d92d814dbdfbbf909d8f34eaa51c110c,Wan2.2-14B,original,panel_wan_05,1280
