video_id,label,generator,variant,ai_score,delta,elapsed_sec,width,height,frames,fps,sha256,delta_vs_control
real_01,real,MSVD,original,0.9664109945297241,0.0,2.382647916994756,480,360,300,29.916666666666668,ffa148e164ea0fd89ce3d6e3125dce4fe4a54f92f7ee5334e8759d2e24cca1b9,-0.014716863632202148
real_01,real,MSVD,encode_control,0.9811278581619263,0.014716863632202148,2.1733737500035204,480,360,300,29.916666666666668,4bd318b39a8d96dc0a59a90af263ea5a01e12dccf99fc1ef97e9cc42e8744cb8,0.0
real_01,real,MSVD,compression,0.02379401959478855,-0.9426169749349356,2.2570948749780655,480,360,300,29.916666666666668,6998aa9123c7bb2c942e4abd27f2b8b622342ede205945b515f8f8413dda234a,-0.9573338385671377
real_01,real,MSVD,resize,0.9999830722808838,0.03357207775115967,2.036078625009395,240,180,300,29.916666666666668,3e6c804edaff3a6846185ad6703c46b436e601852d81714b6efa8d03115db844,0.01885521411895752
real_01,real,MSVD,crop,0.9074870347976685,-0.058923959732055664,2.08892566699069,384,288,300,29.916666666666668,adb07722d9e210c429901b9264e6bd016b4c290de7a57010ca29d034eb730eb0,-0.07364082336425781
real_02,real,MSVD,original,0.00013109816063661128,0.0,2.000641374994302,320,240,46,15.0,62bd921e11ee2911c2307f179ec2269d97d6258298b9e9a6e1da9f18b603fe30,1.1201336747035384e-06
real_02,real,MSVD,encode_control,0.00012997802696190774,-1.1201336747035384e-06,3.143231541995192,320,240,46,15.0,26dfb7a30b347edcc6e64015492d4cefb5036e225342e9242c9272320845a13d,0.0
real_02,real,MSVD,compression,0.00020137958927080035,7.028142863418907e-05,2.2094090830069035,320,240,46,15.0,02cec6a21485863dc80c56ee6a0ac1aa183c977f1b84ac44a6fe18ec28a62db8,7.140156230889261e-05
real_02,real,MSVD,resize,0.0001642191200517118,3.3120959415100515e-05,2.1945858749968465,160,120,46,15.0,65b0192809a20ac33704cae496da6cefdb099dc15130a6b1eaa5cbd8d63b582f,3.424109308980405e-05
real_02,real,MSVD,crop,0.00021092247334308922,7.982431270647794e-05,2.4656739170022774,256,192,46,15.0,98f1194c5341765dc5130164a2955cc6f91aacf9c990c2566e533efd98d42e01,8.094444638118148e-05
real_03,real,MSVD,original,0.001133314217440784,0.0,2.6418680409842636,854,480,120,29.916666666666668,d5e4ff595400a1645a25678ea9a4949bf5a0c3c1b06b8bdc707ef8b5d9d44ef2,-0.0003296585055068135
real_03,real,MSVD,encode_control,0.0014629727229475975,0.0003296585055068135,2.586993708013324,854,480,120,29.916666666666668,16f12081ee75f0ad1d2b396afbcfb06680c7055847a4f71d670cc876faf775ff,0.0
real_03,real,MSVD,compression,0.00037766224704682827,-0.0007556519703939557,2.5618328750133514,854,480,120,29.916666666666668,49ab08dcad775698315882d5aacfdad110e46094b4f3929b763edbddf3697bc8,-0.0010853104759007692
real_03,real,MSVD,resize,0.0011966326273977757,6.331840995699167e-05,2.1602118750161026,426,240,120,29.916666666666668,9c0674946fe38289eab771b4687d36936b039321c0d65c03eb975eca906e650e,-0.00026634009554982185
real_03,real,MSVD,crop,0.0014256631257012486,0.00029234890826046467,3.2008274999971036,682,384,120,29.916666666666668,da9400e3113a522a4bf9e689f562aea2f719fe0f1bf58d7b4efbc269e259c4cf,-3.730959724634886e-05
real_04,real,MSVD,original,0.0001739847066346556,0.0,2.5359393329999875,640,360,300,59.94005994005994,faf9f4ea736c42169900a022287dd4f24aaf0947a0b49661915b58fb8d21b179,1.4152203220874071e-05
real_04,real,MSVD,encode_control,0.00015983250341378152,-1.4152203220874071e-05,2.454429583012825,640,360,300,59.94005994005994,e951b97e00f3ea25179ea1a422a580871acde0feb4ba2639f1f1eea0b371f120,0.0
real_04,real,MSVD,compression,0.00010533611930441111,-6.864858733024448e-05,2.3896400410158094,640,360,300,59.94005994005994,4cc89214b749e3be99df88799c429b77adb7bb8122fc6c043c228ea63399b0df,-5.449638410937041e-05
real_04,real,MSVD,resize,0.00031755390227772295,0.00014356919564306736,2.140138750022743,320,180,300,59.94005994005994,1040dde03c95f3c12c14e947d4225edc36a733da493cf046540449ef82cfb547,0.00015772139886394143
real_04,real,MSVD,crop,0.00032192294020205736,0.00014793823356740177,2.2469311660097446,512,288,300,59.94005994005994,907954f228b6ae2deb20b8d921cd159a1c0bcf45f2244095e1ffeadc790261e4,0.00016209043678827584
real_05,real,MSVD,original,0.00011630397784756497,0.0,2.1962794169958215,400,226,360,59.94005994005994,0c7fa85c5e697154b2bcfd0e2f5294e229d120d2b3228fb1449316d54df3555b,-1.2003583833575249e-06
real_05,real,MSVD,encode_control,0.00011750433623092249,1.2003583833575249e-06,2.1327434169943444,400,226,360,59.94005994005994,7888815ed7c128ebcd629e091641ef65a516c1b587eca78cc2662b701672dad2,0.0
real_05,real,MSVD,compression,0.00011917883239220828,2.8748545446433127e-06,2.1538779999827966,400,226,360,59.94005994005994,f5633f5b1d30132b6656c67252a41537cd81761a90785e8c34af786ba20a1bfa,1.6744961612857878e-06
real_05,real,MSVD,resize,8.879240340320393e-05,-2.751157444436103e-05,2.3182257500011474,200,112,360,59.94005994005994,5ed8c8d96dc75171691e121987cb1e4ac9578f1c4dbff7ba9e624cda7d569754,-2.8711932827718556e-05
real_05,real,MSVD,crop,7.407913653878495e-05,-4.2224841308780015e-05,2.106453790998785,320,180,360,59.94005994005994,4571e903ec9151f384a460e7a1923b5776247a1e7e0e3d2e6aec774a572a33f1,-4.342519969213754e-05
real_06,real,MSVD,original,0.0004064450622536242,0.0,2.200124708993826,400,300,181,30.0,a83a39d948f44905510be3253ea1985900cdf5cbb5a3ef583a254d4333bcfb90,1.261214492842555e-06
real_06,real,MSVD,encode_control,0.00040518384776078165,-1.261214492842555e-06,2.198666582989972,400,300,181,30.0,5ffe0e48e42a92681913d1eea4bd1bc6de5b5eddfa22cbc7e2a48a197b9e175b,0.0
real_06,real,MSVD,compression,0.0005400488735176623,0.00013360381126403809,2.1663977499993052,400,300,181,30.0,dd536ea27dde94832356c2f3e3f5fbae7ed0856387c0d5ed4d1aa5556310543f,0.00013486502575688064
real_06,real,MSVD,resize,0.004543639253824949,0.004137194191571325,2.041108917008387,200,150,181,30.0,8ddead2c343d77f1586002054e0a23ac1d13f5d3d5ae8e7ea5c670b29c27361b,0.004138455406064168
real_06,real,MSVD,crop,0.00018779098172672093,-0.00021865408052690327,2.1169835409964435,320,240,181,30.0,0784caf9b68fd2fc027d51c8c419b1ff8431f0d051d39cdc6d4a0bab51e2a4d7,-0.00021739286603406072
real_07,real,MSVD,original,0.00011165361502207816,0.0,2.1400627919938415,320,240,276,25.0,4f88da87b2ed2a11d15807f9eb4d75b04aed256d45c350ad86f3f4cbc07e5fdd,-1.6829289961606264e-08
real_07,real,MSVD,encode_control,0.00011167044431203976,1.6829289961606264e-08,2.0983902080042753,320,240,276,25.0,d16f6ef8c182c324fd66e2b707c1657456784a78bf850155fda7b5e735ff27f6,0.0
real_07,real,MSVD,compression,0.00011717102461261675,5.517409590538591e-06,2.095072458003415,320,240,276,25.0,38d208d3eb29220950b545173533959dcbbe5668e050c0a4473e5b2d8aaae096,5.500580300576985e-06
real_07,real,MSVD,resize,0.00011400871881050989,2.355103788431734e-06,2.014047416014364,160,120,276,25.0,9cb3ccf4a6aebb5d19521752a5f1b9398ceb2112759f7be768f6999054eb6ba4,2.3382744984701276e-06
real_07,real,MSVD,crop,0.00013885865337215364,2.7205038350075483e-05,2.093316082988167,256,192,276,25.0,4a6dc29424a686e7bb211f8395e1f990cbe27ac45f0f1fabcb547d27c79dfce6,2.7188209060113877e-05
real_08,real,MSVD,original,0.0030900740530341864,0.0,2.1120978340040892,320,240,225,14.985014985014985,d054ab4045b4ec49f3e830872488a1a24ddde337b910edd7b06c21eca5dc2791,8.393102325499058e-05
real_08,real,MSVD,encode_control,0.003006143029779196,-8.393102325499058e-05,2.0977416659879964,320,240,225,14.985014985014985,0d77c411d0fece9aa6c1a6e52d9edee1f05cabc5e9943397c71f4271b2f7a540,0.0
real_08,real,MSVD,compression,0.008092306554317474,0.005002232501283288,2.0788783750031143,320,240,225,14.985014985014985,20ee3434722c1230104a629c1d3f4072819e931b42f17b053ca78504a7753bd1,0.005086163524538279
real_08,real,MSVD,resize,0.07508576661348343,0.07199569256044924,2.0135116250021383,160,120,225,14.985014985014985,771f7399b3fcf4eeeee836ea5f5000cc8ffb52f5a8ae1c5b65c18f8d03d56677,0.07207962358370423
real_08,real,MSVD,crop,0.024164659902453423,0.021074585849419236,2.0788677080126945,256,192,225,14.985014985014985,cc832ece9371148cbab88ed0e4925fd93294dbb8ee0988eff202a0114945fdd8,0.021158516872674227
real_09,real,MSVD,original,0.00018360433750785887,0.0,2.1214391670073383,320,240,300,29.97002997002997,b8a15347a7c4fbc51911b6c3623ffbee5d2d59ce10db8b10b330dca09430c248,-1.907472324091941e-05
real_09,real,MSVD,encode_control,0.00020267906074877828,1.907472324091941e-05,2.093390291003743,320,240,300,29.97002997002997,410548f1360dc6588dfb436def1a01ba83fff41b53214fb0c152ef42a0ca974a,0.0
real_09,real,MSVD,compression,0.00020919540838804096,2.5591070880182087e-05,2.1269353330135345,320,240,300,29.97002997002997,ae9c8443eaef8c8c6585c079ce82f2419f0deb5d2ff9e2b805b96a483761a344,6.516347639262676e-06
real_09,real,MSVD,resize,0.000496570544783026,0.0003129662072751671,2.0348204580077436,160,120,300,29.97002997002997,e5ad459b2c52879f880944daa8eddeabeea51db6a63e3fe40de94c7175c8bc97,0.0002938914840342477
real_09,real,MSVD,crop,0.0001891996944323182,5.595356924459338e-06,2.0965609590057284,256,192,300,29.97002997002997,3c3b99447f75ca1e316cc20a315606edaa28ff6ec69fd248e5d74fe8dc8848f4,-1.3479366316460073e-05
real_10,real,MSVD,original,7.048444240354002e-05,0.0,2.074864708003588,320,240,120,29.97002997002997,8388cee485a708846bfc96a812595cbb23349f99baeded7f023f9a1454fb278d,2.2819513105787337e-06
real_10,real,MSVD,encode_control,6.820249109296128e-05,-2.2819513105787337e-06,2.1180501659982838,320,240,120,29.97002997002997,c24a1063c9c810f411fa7e8789970e3bbf2addfbd5be0e82a4257fa6448182c7,0.0
real_10,real,MSVD,compression,8.914474892662838e-05,1.8660306523088366e-05,2.0459732089948375,320,240,120,29.97002997002997,cefdf0170b06939cec3ae2184a6553909756dfa6d1f94c0786513d5c2b40910b,2.09422578336671e-05
real_10,real,MSVD,resize,0.00010020256013376638,2.9718117730226368e-05,2.011675624991767,160,120,120,29.97002997002997,0806cf6708b821aab14a2203926e800b28667546d24550ab983bb2168912984d,3.20000690408051e-05
real_10,real,MSVD,crop,0.0002669264213182032,0.0001964419789146632,2.068509582983097,256,192,120,29.97002997002997,f38e1b1a53608a5fd6ea10f1fcc7cc73d314c062c08b799fa66f25b58ea35573,0.00019872393022524193
ai_01,ai,Sora,original,0.9999663829803467,0.0,2.536514792009257,480,720,150,30.0,a1cec2a88fbebbdf0715c4f9aef359211e9bb55329cbaa22c3c0b1aa2f0f0a4d,-1.1920928955078125e-07
ai_01,ai,Sora,encode_control,0.9999665021896362,1.1920928955078125e-07,2.8938801659969613,480,720,150,30.0,270172caade725100caa515a48d53a71ade59393bf17dfe914949dfff8e97622,0.0
ai_01,ai,Sora,compression,0.9999511241912842,-1.52587890625e-05,2.7235687499924097,480,720,150,30.0,481aa4e8d2ec7cc6091816e877fbc939196f30823c4f4f0e12a701cc1c6d5cff,-1.537799835205078e-05
ai_01,ai,Sora,resize,0.9999728202819824,6.4373016357421875e-06,2.1235251250036526,240,360,150,30.0,666d4bd3f2ea815318e04f92cec2cb60f7287169ee25b1038ca9af4a0997557d,6.318092346191406e-06
ai_01,ai,Sora,crop,0.9999446868896484,-2.1696090698242188e-05,2.2635523750213906,384,576,150,30.0,50ca50cda9444f64a6f9dfa4775bdd0b5270b1e452a7cbfcc5102d949954828c,-2.181529998779297e-05
ai_02,ai,Sora,original,0.9999948740005493,0.0,2.498015791992657,480,720,300,30.0,4f3b162d606e01540ae58ed2ec9cac33292ca605e683daaffbf204268a002726,-4.76837158203125e-07
ai_02,ai,Sora,encode_control,0.9999953508377075,4.76837158203125e-07,2.450033708999399,480,720,300,30.0,52c45816cf1c673ff19f00c66302776ee780a80741711bdf34a44826d93e30ad,0.0
ai_02,ai,Sora,compression,0.9999964237213135,1.5497207641601562e-06,2.5232454579963814,480,720,300,30.0,73b58bb8337af4efb5c2a36bd9a76b22823b1cdc668b6bafa2811103e43f5330,1.0728836059570312e-06
ai_02,ai,Sora,resize,0.9999983310699463,3.4570693969726562e-06,2.064225499983877,240,360,300,30.0,39335b13b7e8c8f6c8bfad9d1884151615fb203e541b0bccc0db44bd64fb71c5,2.9802322387695312e-06
ai_02,ai,Sora,crop,0.9999854564666748,-9.417533874511719e-06,2.2715702920104377,384,576,300,30.0,b383917cc1e148d9ff83dbbec53022f678bfbecb8ededa8e226101ad405846fc,-9.894371032714844e-06
ai_03,ai,Sora,original,0.9411244988441467,0.0,2.505854749993887,854,480,150,30.0,e9fd49bce539c8fe640fc60f127d189a822f9deedfe65ad66bfdb3a4114e9a9a,-0.005131125450134277
ai_03,ai,Sora,encode_control,0.946255624294281,0.005131125450134277,2.5165045830071904,854,480,150,30.0,5b77d82a9371a3717b41d2cffd980558fdf2e381cb28d88d73796beefbe25471,0.0
ai_03,ai,Sora,compression,0.974808931350708,0.03368443250656128,2.6147211659990717,854,480,150,30.0,28fd0f8c6e0fe313b309374cd98d09a36f1aa49d1b72bf50687c7bc8fb7c0bf6,0.028553307056427002
ai_03,ai,Sora,resize,0.9747319221496582,0.033607423305511475,2.0932500829803757,426,240,150,30.0,639fe99ef5e941cc69c5db640529f3ffcc5d3113b0d0feb8a0a5589125e2b471,0.028476297855377197
ai_03,ai,Sora,crop,0.9996809959411621,0.05855649709701538,2.461000666982727,682,384,150,30.0,16b7ab704f06987680f8cb627ed45f37366605ee491b27dba57087efa44c1136,0.053425371646881104
ai_04,ai,Sora,original,0.9994761347770691,0.0,2.818138624978019,480,720,300,30.0,3fcb1b36ac65ef30c8ec3d612e21fa3d41ab686a724eac4b4c9351128220694c,5.3822994232177734e-05
ai_04,ai,Sora,encode_control,0.9994223117828369,-5.3822994232177734e-05,2.5459576249995735,480,720,300,30.0,1ca60e1cccc17850655724965a42f0e671d58d5e173fcf105f928fd11bac7885,0.0
ai_04,ai,Sora,compression,0.9827234745025635,-0.016752660274505615,2.495708791015204,480,720,300,30.0,3e554dacd6ece39cb7a950eac2f2b5ee9883de4349fdb94baa7dbe91a252a8b8,-0.016698837280273438
ai_04,ai,Sora,resize,0.9997639060020447,0.00028777122497558594,2.1690872090111952,240,360,300,30.0,849661fcb95aee593818786e3f956b8aa218ca6ca4008f1e80861f618f5c41c7,0.00034159421920776367
ai_04,ai,Sora,crop,0.9997164607048035,0.000240325927734375,2.274567540996941,384,576,300,30.0,3f052daf6a293ae5a696fb6c400f0f3856019b35922f6f1176bb3bf07520b3dc,0.00029414892196655273
ai_05,ai,Sora,original,0.9999889135360718,0.0,2.4147749170078896,480,720,150,30.0,acf0d9b42a9d5433c96626c2e22b62fa2b699f4d42cbafc2f81db75774c57943,-3.5762786865234375e-07
ai_05,ai,Sora,encode_control,0.9999892711639404,3.5762786865234375e-07,2.4532148749858607,480,720,150,30.0,228c43537ba1ee5fc386cfe8b5861f23c250605411f300384805fc775e53830e,0.0
ai_05,ai,Sora,compression,0.9993651509284973,-0.0006237626075744629,2.437061333010206,480,720,150,30.0,b7428b1aa07b68be799363d721e4291661b00936a7e334208686f89c9d8d7239,-0.0006241202354431152
ai_05,ai,Sora,resize,0.9999969005584717,7.987022399902344e-06,2.0541153749800287,240,360,150,30.0,da6af8c249b8fb710b8c96a5fb4e653f8dfbe834c6b22bfb289b27f6c76a79dd,7.62939453125e-06
ai_05,ai,Sora,crop,0.9999959468841553,7.033348083496094e-06,2.2469035839894786,384,576,150,30.0,99aa2b18af65566fa7c2cb02daef5a678d3d36d94c6628b1413d9766d15310e4,6.67572021484375e-06
ai_06,ai,VEO3,original,0.9999043941497803,0.0,3.2748518339940347,1280,720,192,24.0,88085963f36e9372e6778575b374f70b41cd227306f5e2c51aba6c659f1c8d8b,1.2755393981933594e-05
ai_06,ai,VEO3,encode_control,0.9998916387557983,-1.2755393981933594e-05,3.2887456250027753,1280,720,192,24.0,572474313999393065ccc0aeb85a0ab727d27e6d99d6796cdefed14479a3bb5a,0.0
ai_06,ai,VEO3,compression,0.9452821612358093,-0.05462223291397095,3.297355416987557,1280,720,192,24.0,d27aad95753defe11f6137dd8aae5acfc831028e829958d06f39f69ec30cb152,-0.054609477519989014
ai_06,ai,VEO3,resize,0.9996670484542847,-0.00023734569549560547,2.2707272920233663,640,360,192,24.0,240e7b713e3aa10d721cd2d35b306b40af8d4654da2f5fb5c83bad7cd5980cfb,-0.00022459030151367188
ai_06,ai,VEO3,crop,0.9908657670021057,-0.00903862714767456,3.2228683750145137,1024,576,192,24.0,28f8592ac4cd3b901c3bc54ea8c494e06a7c86731a78a95dc4e30089ac6aff76,-0.009025871753692627
ai_07,ai,VEO3,original,0.9990643858909607,0.0,4.5757635420013685,1280,720,192,24.0,9d4a3e47e4457977cd697dfe6b7c68e3eeb2896d9b38f45ceb46b40b4d2eb17a,-0.0008071064949035645
ai_07,ai,VEO3,encode_control,0.9998714923858643,0.0008071064949035645,4.405072916008066,1280,720,192,24.0,c66b57cfe4641afcec9861eabdfb3bb3fa81660e2f787712870037402cd1cb0d,0.0
ai_07,ai,VEO3,compression,0.998914361000061,-0.0001500248908996582,3.608663457998773,1280,720,192,24.0,d07fb031afa684ec9ccd44ed76546df4e7cb0f5b54aff4594b18fdef33d26124,-0.0009571313858032227
ai_07,ai,VEO3,resize,0.9999363422393799,0.0008719563484191895,4.45200637500966,640,360,192,24.0,54c56baf7a75141233fa6a847c17cf275ee5d2bd42495525d2be2aee6b2eac2d,6.4849853515625e-05
ai_07,ai,VEO3,crop,0.9993763566017151,0.00031197071075439453,3.612684583000373,1024,576,192,24.0,51430bca8951958d10b05762f4f7044b05b5516db51413549593c4d595902805,-0.0004951357841491699
ai_08,ai,VEO3,original,0.999964714050293,0.0,3.5120809999934863,1280,720,192,24.0,cc80983c15c3c71606022840189f030881b3700da0f6857bb15c7f244199fc97,7.152557373046875e-07
ai_08,ai,VEO3,encode_control,0.9999639987945557,-7.152557373046875e-07,3.3236214999924414,1280,720,192,24.0,41ad59535abbdace6649146dffb751f5eed5bf0295476d79e3b73b88a06ff612,0.0
ai_08,ai,VEO3,compression,0.9999620914459229,-2.6226043701171875e-06,3.2637938340194523,1280,720,192,24.0,fa55382c2cc8da5058ae99483b0a0e095baa15304699d6c531ac3f6e3678e3d3,-1.9073486328125e-06
ai_08,ai,VEO3,resize,0.999970555305481,5.841255187988281e-06,2.3151247079949826,640,360,192,24.0,0494687f38847cb9141700b6d8b01e9d281cabb44c5e610f0f7688099bdbe1e8,6.556510925292969e-06
ai_08,ai,VEO3,crop,0.9999457597732544,-1.895427703857422e-05,2.9614941659965552,1024,576,192,24.0,95493feb7b3e14e11f69a5af5c85621ff8e93ad89f761575ee79acf1e5491fd1,-1.823902130126953e-05
ai_09,ai,VEO3,original,0.9999969005584717,0.0,3.800158083002316,1280,720,192,24.0,0bc32911b3f68092f6b1c252f9031cd9f13cdf8645c2a52d4c068862f8dbf435,-3.5762786865234375e-07
ai_09,ai,VEO3,encode_control,0.9999972581863403,3.5762786865234375e-07,3.6006838750035968,1280,720,192,24.0,88e443864e00bad397a7800e8e7427b65009db74ba99f0f6b3fc499829d90c3a,0.0
ai_09,ai,VEO3,compression,0.9999938011169434,-3.0994415283203125e-06,3.2706709160120226,1280,720,192,24.0,ed1bb9cd0cbae6f051f20c6d8e421cead8f57262138437c197b67d3a5a263207,-3.4570693969726562e-06
ai_09,ai,VEO3,resize,0.999996542930603,-3.5762786865234375e-07,2.276739584020106,640,360,192,24.0,72344a81f75deb8146e2f85f34cd1dcec68426e9166f39851c534d93de1d122d,-7.152557373046875e-07
ai_09,ai,VEO3,crop,0.9999266862869263,-7.021427154541016e-05,2.9614336249942426,1024,576,192,24.0,340e09a12e3a1ed4ac61934ad6a124fd7f37d466160520601c674f3ce93372b0,-7.05718994140625e-05
ai_10,ai,VEO3,original,0.9991648197174072,0.0,3.311598041007528,1280,720,192,24.0,02d9d5cd08d3da871fa819041ca97a234fd8376481febb9c7f9a6790b4d2364c,-0.00042694807052612305
ai_10,ai,VEO3,encode_control,0.9995917677879333,0.00042694807052612305,3.3546578749956097,1280,720,192,24.0,74416d48901cad6deeb34b84b2e397591b0860041a9019439b5b0a667eccccee,0.0
ai_10,ai,VEO3,compression,0.9998542070388794,0.000689387321472168,3.279033208003966,1280,720,192,24.0,be742b6c974edeb7cdd360d5b2c6f83c19aeacf8a4aae62c0a0fb4d7529b3f46,0.0002624392509460449
ai_10,ai,VEO3,resize,0.999716579914093,0.000551760196685791,2.324805500014918,640,360,192,24.0,47d52e2390079c1f4ae306e9b3fe372da14603e0a4a4595dffed1995cdcf336a,0.00012481212615966797
ai_10,ai,VEO3,crop,0.9932896494865417,-0.0058751702308654785,2.782431125000585,1024,576,192,24.0,5e5cf7b5156d68e846c77a92b38525292aa24d4c2f7a790c7ce7a077dffc7519,-0.0063021183013916016
