ai_score,cell,content,delta_vs_baseline,detector,elapsed_sec,first_order_distances,fps,frames,height,label,model_input_sha256,sampled_frame_indices,sampled_rgb_sha256,second_order_changes,sha256,source,temporal_mean,temporal_std,variant,video_id,width
0.4402175843892568,real_ego4d,Painting at an easel,0.0,d3_resnet18,0.6327785830071662,"[5.478816509246826, 5.8317389488220215, 6.973608016967773, 7.235116004943848, 7.955159664154053, 9.579697608947754, 9.523571968078613, 10.134897232055664, 8.31798267364502, 10.833446502685547, 10.744650840759277, 9.441781044006348, 7.802861213684082, 9.062736511230469, 8.123751640319824]",30.0,210,540,real,27d6c1643256b8d2ed39f0ed2b7a9fc7dfa451a5a35afda1415013ba159a003d,"[75, 78, 82, 86, 90, 93, 97, 101, 105, 108, 112, 116, 120, 123, 127, 131]",82f97e4cde829ed8391b6fa8d84b113974b704aca5505ff524111f96bcf6423e,"[0.3529224395751953, 1.141869068145752, 0.2615079879760742, 0.7200436592102051, 1.6245379447937012, -0.056125640869140625, 0.6113252639770508, -1.8169145584106445, 2.5154638290405273, -0.08879566192626953, -1.3028697967529297, -1.6389198303222656, 1.2598752975463867, -0.9389848709106445]",5d2e769afd90c5f8d9ff81dc249f5e713624b5c3fc626b79daf5602d61198e4f,Ego4D,0.1889239400625229,1.2716039419174194,original,panel_ego4d_01,720
0.36497010794727025,real_ego4d,Painting at an easel,0.0,d3_resnet18,0.5767492500017397,"[4.060642242431641, 5.02943754196167, 6.941608905792236, 5.785558700561523, 4.746185779571533, 5.7851881980896, 6.0916314125061035, 4.534046649932861, 3.538142204284668, 5.7836527824401855, 3.7230777740478516, 4.105727672576904, 4.2299370765686035, 7.4025983810424805, 4.529739856719971]",30.0,120,540,real,05c67e4456dcba39104879039d88215334a7a131f8bbde0280f2ff911c2b50f8,"[30, 33, 37, 41, 45, 48, 52, 56, 60, 63, 67, 71, 75, 78, 82, 86]",0bd0537be498dfc426592de2917dc2ad9e070b4b93fd6b59136be8f917b751db,"[0.9687952995300293, 1.9121713638305664, -1.156050205230713, -1.0393729209899902, 1.0390024185180664, 0.3064432144165039, -1.5575847625732422, -0.9959044456481934, 2.2455105781555176, -2.060575008392334, 0.38264989852905273, 0.12420940399169922, 3.172661304473877, -2.8728585243225098]",7881605a5a69cc5452ba3f465bce894e49638c5fbd10719df50d4c2d3057d824,Ego4D,0.03350697085261345,1.73995041847229,original,panel_ego4d_02,720
0.48218108473109056,real_ego4d,Handling food at a stove,0.0,d3_resnet18,0.8095612910110503,"[4.6044816970825195, 5.902991771697998, 7.195816993713379, 7.557727336883545, 5.896958351135254, 5.957573890686035, 8.069881439208984, 7.685277462005615, 6.726816177368164, 6.555739402770996, 6.283677101135254, 5.722197532653809, 4.500155448913574, 5.67064094543457, 5.6081414222717285]",30.0,150,540,real,46d8e096bb6d5b172958e46323468ef44be7bf7b26e7c3edd0c42c1bd370eae3,"[45, 48, 52, 56, 60, 63, 67, 71, 75, 78, 82, 86, 90, 93, 97, 101]",9195c61b7b14183964a2c0b25f3cca5526bcefc448e64cdb51beced4cbed8e21,"[1.2985100746154785, 1.2928252220153809, 0.361910343170166, -1.660768985748291, 0.06061553955078125, 2.112307548522949, -0.38460397720336914, -0.9584612846374512, -0.17107677459716797, -0.2720623016357422, -0.5614795684814453, -1.2220420837402344, 1.170485496520996, -0.0624995231628418]",e4dd314e1e8be0f6faaafe2565419046a8b08779192fdc812e510eda20f0f567,Ego4D,0.07168997824192047,1.0739096403121948,original,panel_ego4d_03,720
0.3304415620921974,real_ego4d,Moving through a kitchen,0.0,d3_resnet18,0.7026752080128063,"[6.552024841308594, 11.170266151428223, 9.956999778747559, 9.203863143920898, 7.463887691497803, 11.197680473327637, 10.456459045410156, 9.440648078918457, 7.741994380950928, 9.681013107299805, 9.63686752319336, 8.748276710510254, 7.369980335235596, 8.029940605163574, 9.556175231933594]",30.0,180,540,real,fed3fff7d2211a44892124fc08a836f70c74e512c2182fd0a2c6e1039178b739,"[60, 63, 67, 71, 75, 78, 82, 86, 90, 93, 97, 101, 105, 108, 112, 116]",f7c83e29b0836172ee6e9d50449f68503d83f905351c3bbf3aaf8bc265c55c31,"[4.618241310119629, -1.213266372680664, -0.7531366348266602, -1.7399754524230957, 3.733792781829834, -0.7412214279174805, -1.0158109664916992, -1.6986536979675293, 1.939018726348877, -0.04414558410644531, -0.8885908126831055, -1.3782963752746582, 0.6599602699279785, 1.5262346267700195]",b91b5931baea5714674356bdd656928f855b602fa328f39356360445ea553c83,Ego4D,0.2145821750164032,2.0262537002563477,original,panel_ego4d_04,720
0.33708089652519213,real_ego4d,Reaching into a kitchen cabinet,0.0,d3_resnet18,0.5775197090115398,"[3.494851589202881, 3.3152108192443848, 4.309647560119629, 5.270505905151367, 4.292402267456055, 3.8565804958343506, 4.217703819274902, 10.140395164489746, 8.197555541992188, 7.664886951446533, 7.491321086883545, 8.983067512512207, 9.293248176574707, 7.171072959899902, 8.959959983825684]",30.0,180,540,real,4caa0ed12224b25de44a1187c0a16a5add8f7dc28a66c9c9282a2f69cc16f519,"[60, 63, 67, 71, 75, 78, 82, 86, 90, 93, 97, 101, 105, 108, 112, 116]",16c17a09d1e304a29dfa1af84984032323d997349067a012c7dfd2d411d31da5,"[-0.1796407699584961, 0.9944367408752441, 0.9608583450317383, -0.9781036376953125, -0.4358217716217041, 0.36112332344055176, 5.922691345214844, -1.9428396224975586, -0.5326685905456543, -0.17356586456298828, 1.491746425628662, 0.3101806640625, -2.1221752166748047, 1.7888870239257812]",07a9319acda1dd0dd17fbe64604cf4f0e19ad764ea5ee6f81852cd8a9b0fe3f7,Ego4D,0.3903648853302002,1.9666469097137451,original,panel_ego4d_05,720
0.12516903608146296,real_youtube-vos,Skateboarding outdoors,0.0,d3_resnet18,0.6999222500016913,"[0.19147634506225586, 11.153448104858398, 11.713233947753906, 9.543030738830566, 0.08720668405294418, 8.165507316589355, 9.091470718383789, 8.716231346130371, 0.07697039097547531, 9.85084056854248, 9.216230392456055, 10.100920677185059, 0.15993770956993103, 9.693585395812988, 10.17347240447998]",30.0,180,720,real,8912758b76ec4852ff1031289ec08611b3aadd4420e2e323388a7fa92e606ad8,"[60, 63, 67, 71, 75, 78, 82, 86, 90, 93, 97, 101, 105, 108, 112, 116]",ab4e5034877446ea49326c07a5afbb91f5dd385f58b50ff69d61a8b984e2e5e4,"[10.961971282958984, 0.5597858428955078, -2.17020320892334, -9.45582389831543, 8.078300476074219, 0.9259634017944336, -0.37523937225341797, -8.639261245727539, 9.773870468139648, -0.6346101760864258, 0.8846902847290039, -9.940982818603516, 9.533647537231445, 0.4798870086669922]",2ce3437bc16d0ae2d124c7c7bc9e67056b8611666872e4b47cfb9f53ce3f582f,YouTube-VOS,0.7129994630813599,6.989196300506592,original,panel_youtube_vos_01,1280
0.13635618569755242,real_youtube-vos,Owl on a branch,0.0,d3_resnet18,0.6830952500167768,"[0.2006092667579651, 8.206473350524902, 5.145129680633545, 7.7866597175598145, 0.34539851546287537, 6.693053245544434, 5.098045349121094, 7.54855489730835, 0.23627236485481262, 11.01722526550293, 8.16511058807373, 10.700582504272461, 0.25692513585090637, 7.066555976867676, 6.680235385894775]",30.0,150,720,real,cc8cbaebda72104f9d7f7c49329d7b798f892fd3ae5b2dd817345142b84cbeab,"[45, 48, 52, 56, 60, 63, 67, 71, 75, 78, 82, 86, 90, 93, 97, 101]",531d30785aa51cf2cbd61d235d1db63549b22891619d9de06e02be302fc1b543,"[8.005864143371582, -3.0613436698913574, 2.6415300369262695, -7.441261291503906, 6.347654819488525, -1.5950078964233398, 2.450509548187256, -7.312282562255859, 10.780952453613281, -2.852114677429199, 2.5354719161987305, -10.443656921386719, 6.809630870819092, -0.3863205909729004]",7ffaa2d38d5553371b80b08f43c5619bde4a92fa5d570e1e2dc5125eb4aafa51,YouTube-VOS,0.46283039450645447,6.333734035491943,original,panel_youtube_vos_02,1280
0.2194991438636198,real_youtube-vos,Bird of prey on a rock,0.0,d3_resnet18,0.6754056670179125,"[0.2925270199775696, 4.705798625946045, 4.869589328765869, 5.194208145141602, 0.23242592811584473, 5.0623908042907715, 5.355617046356201, 5.06417989730835, 0.23075386881828308, 4.334992408752441, 4.060166358947754, 4.766221046447754, 0.35720500349998474, 6.607093334197998, 6.413393497467041]",30.0,180,720,real,66e841c2f2967ea08345230cb4badf5ac3a63dc8f1bc8c749b05258d3e1e2de0,"[60, 63, 67, 71, 75, 78, 82, 86, 90, 93, 97, 101, 105, 108, 112, 116]",519d9d54d37c60929b9b4d035889c9202134c23148c9e931b766d952f4408dc1,"[4.413271427154541, 0.16379070281982422, 0.3246188163757324, -4.961782455444336, 4.829964637756348, 0.2932262420654297, -0.29143714904785156, -4.833425998687744, 4.104238510131836, -0.2748260498046875, 0.7060546875, -4.409016132354736, 6.2498884201049805, -0.19369983673095703]",a331f20236f84bf48958ff8756f0753afa0bafee1c57149d861a92d273fcd4e3,YouTube-VOS,0.43720465898513794,3.555826425552368,original,panel_youtube_vos_03,1280
0.11909342005719477,real_youtube-vos,Kangaroo with a person,0.0,d3_resnet18,0.7284192919905763,"[0.24481017887592316, 6.488882064819336, 7.48271369934082, 7.2634358406066895, 0.12655319273471832, 9.818936347961426, 8.681783676147461, 10.952861785888672, 0.38881200551986694, 11.104390144348145, 10.654936790466309, 14.561734199523926, 0.20837821066379547, 9.026122093200684, 10.13992691040039]",30.0,180,720,real,9b37477646fd77fea8d8b3affb5445b395a0226cc44417592e8410b4d9b1fc6f,"[60, 63, 67, 71, 75, 78, 82, 86, 90, 93, 97, 101, 105, 108, 112, 116]",589647d6d43d822171e063c14585dc307945bbf292df6b40f25ce0a9e81ee063,"[6.244071960449219, 0.9938316345214844, -0.21927785873413086, -7.136882781982422, 9.6923828125, -1.1371526718139648, 2.271078109741211, -10.56404972076416, 10.715578079223633, -0.44945335388183594, 3.906797409057617, -14.35335636138916, 8.817744255065918, 1.113804817199707]",b42da9d6bb72f49c4cd5566f3ae5723a4930441129185ae7fdf2f7efe01ea76d,YouTube-VOS,0.7067939639091492,7.3967695236206055,original,panel_youtube_vos_04,1280
0.19776655976855917,real_youtube-vos,Person handling parrots,0.0,d3_resnet18,0.6667167080158833,"[0.22208552062511444, 5.533701419830322, 5.366897106170654, 4.836672306060791, 0.1495070904493332, 4.820833206176758, 4.963687896728516, 6.82043981552124, 0.2357788383960724, 6.095650672912598, 5.734694004058838, 6.487207889556885, 0.18670329451560974, 4.739264965057373, 6.0646467208862305]",30.0,180,720,real,dae265057c61e99fd79c6afd9b929866b0d8037bc1a0fb85959330c8818dc7f2,"[60, 63, 67, 71, 75, 78, 82, 86, 90, 93, 97, 101, 105, 108, 112, 116]",6325b1253beffd8197d3cf2fbc25299f0c02b506a472e04a0ad0dad5833c1f69,"[5.311615943908691, -0.16680431365966797, -0.5302248001098633, -4.687165260314941, 4.671326160430908, 0.1428546905517578, 1.8567519187927246, -6.58466100692749, 5.859871864318848, -0.36095666885375977, 0.7525138854980469, -6.300504684448242, 4.5525617599487305, 1.3253817558288574]",cc1d6d4923d411b6ff27b761ace4e30b109f27cdaaa3abb3146193ff22f7d57e,YouTube-VOS,0.417325884103775,4.056466579437256,original,panel_youtube_vos_05,1280
0.5722548679921852,ai_cosmos,Mobile industrial robot arm,0.0,d3_resnet18,0.640325499989558,"[4.559887886047363, 5.258698463439941, 4.9220733642578125, 4.387913227081299, 5.47639274597168, 4.917407512664795, 4.517317295074463, 4.554605484008789, 5.4937543869018555, 5.470890522003174, 3.963236093521118, 4.506396293640137, 5.279769420623779, 5.213618278503418, 4.397252082824707]",24.0,121,704,ai,f4b3f83a698ae47c1de7f66bebdd01ce826eb5bef5cffd6d4469ce90f81e1c77,"[36, 39, 42, 45, 48, 51, 54, 57, 60, 63, 66, 69, 72, 75, 78, 81]",509534c9cf16a29af5699e7286ef3d3e2d74854019ea67294b95222de0318b03,"[0.6988105773925781, -0.3366250991821289, -0.5341601371765137, 1.0884795188903809, -0.5589852333068848, -0.40009021759033203, 0.03728818893432617, 0.9391489028930664, -0.02286386489868164, -1.5076544284820557, 0.5431602001190186, 0.7733731269836426, -0.06615114212036133, -0.8163661956787109]",83f6174d84b5f8bed7a957263249363800d4f1bf410622601ee4293091104579,Cosmos,-0.011616842821240425,0.7474731206893921,original,panel_cosmos_01,1280
0.49747915904361406,ai_cosmos,Skid-steer vehicle moving,0.0,d3_resnet18,0.6429358329914976,"[5.758978843688965, 5.938159465789795, 4.7979302406311035, 6.797431945800781, 6.6382365226745605, 6.052915096282959, 5.026156425476074, 5.893863201141357, 4.978111267089844, 5.46810245513916, 3.759553909301758, 3.7522330284118652, 4.467167377471924, 5.570523738861084, 5.35961389541626]",24.0,121,704,ai,2a762fa37b15bdeb553b2965234f1b2d00276779c991aea7a97c3b3afe6a9f2e,"[36, 39, 42, 45, 48, 51, 54, 57, 60, 63, 66, 69, 72, 75, 78, 81]",bc076a891fdbf9a2c8c35fcb11bcaeffcc9e38e4139becaa1a5793b9437071d1,"[0.17918062210083008, -1.1402292251586914, 1.9995017051696777, -0.1591954231262207, -0.5853214263916016, -1.0267586708068848, 0.8677067756652832, -0.9157519340515137, 0.4899911880493164, -1.7085485458374023, -0.007320880889892578, 0.7149343490600586, 1.1033563613891602, -0.21090984344482422]",3f9e0f682d6323494d91ae613e4d2e04003bb9dd27af6b1444a06f6889ebfcca,Cosmos,-0.02852606773376465,1.0101344585418701,original,panel_cosmos_02,1280
0.41669121777626505,ai_cosmos,Flying delivery drone,0.0,d3_resnet18,0.653233207995072,"[9.729844093322754, 7.381407260894775, 8.913019180297852, 7.163931369781494, 8.685433387756348, 7.024600028991699, 7.0864081382751465, 7.927822589874268, 7.4378557205200195, 6.487525939941406, 6.90447998046875, 5.594781875610352, 6.7627668380737305, 8.003650665283203, 6.054866313934326]",24.0,121,704,ai,9e4abb0fd9b3f3c4b972bb0086a357a470477b8f7ace4d0a50866465d1a38459,"[36, 39, 42, 45, 48, 51, 54, 57, 60, 63, 66, 69, 72, 75, 78, 81]",f1d045c773f20b9d56cfd4821c464946ad2360b506d3254e0c79898345e66d37,"[-2.3484368324279785, 1.5316119194030762, -1.7490878105163574, 1.5215020179748535, -1.6608333587646484, 0.061808109283447266, 0.8414144515991211, -0.48996686935424805, -0.9503297805786133, 0.41695404052734375, -1.3096981048583984, 1.167984962463379, 1.2408838272094727, -1.948784351348877]",2274ccb71debf1feeafe7360896a683108c837c185b8aafd2f0189d8bad70383,Cosmos,-0.2624984085559845,1.3998585939407349,original,panel_cosmos_03,1280
0.4123154434758366,ai_cosmos,Quadruped robot running,0.0,d3_resnet18,0.6528720000060275,"[8.524096488952637, 9.790241241455078, 9.47014331817627, 10.298404693603516, 10.028234481811523, 8.986844062805176, 9.980711936950684, 10.620452880859375, 9.185649871826172, 9.633834838867188, 9.667508125305176, 7.91836404800415, 8.544153213500977, 11.478791236877441, 8.805607795715332]",24.0,121,704,ai,c732543172ce97d0db346fce4ebe86ca47d5ab15b1b565fed0fcfbe57e7fc042,"[36, 39, 42, 45, 48, 51, 54, 57, 60, 63, 66, 69, 72, 75, 78, 81]",2111a41246f7825f1e44a13a56b6bcde463bcbd347f466b6d9f95675fde59fa5,"[1.2661447525024414, -0.3200979232788086, 0.8282613754272461, -0.2701702117919922, -1.0413904190063477, 0.9938678741455078, 0.6397409439086914, -1.4348030090332031, 0.4481849670410156, 0.03367328643798828, -1.7491440773010254, 0.6257891654968262, 2.934638023376465, -2.6731834411621094]",cc157d841c2a83ce857d529cd1634024ff33099bfebe329703409b0d67977447,Cosmos,0.020107951015233994,1.4253275394439697,original,panel_cosmos_04,1280
0.5943430057866661,ai_cosmos,Warehouse mobile robot,0.0,d3_resnet18,0.6563580840011127,"[4.874666213989258, 4.971765041351318, 5.720063209533691, 4.965016841888428, 5.595985412597656, 4.9994940757751465, 5.383484840393066, 5.881947994232178, 6.325174331665039, 5.794113636016846, 5.481104850769043, 5.845331192016602, 5.643755912780762, 6.343268871307373, 4.753080368041992]",24.0,121,704,ai,642b45034cc8f3d8aafa84c70fb008389faf615ffca82f1b16fba2458f0edd6d,"[36, 39, 42, 45, 48, 51, 54, 57, 60, 63, 66, 69, 72, 75, 78, 81]",efd5561e64e73407f5bac378a9be89fc7df994d188983268e6ab7b4470ae874a,"[0.09709882736206055, 0.748298168182373, -0.7550463676452637, 0.6309685707092285, -0.5964913368225098, 0.3839907646179199, 0.49846315383911133, 0.44322633743286133, -0.5310606956481934, -0.31300878524780273, 0.3642263412475586, -0.20157527923583984, 0.6995129585266113, -1.5901885032653809]",defa5791b885d204eeae11f9356ae21b5de40b4b5434d8192235835874a0f1e6,Cosmos,-0.008684703148901463,0.6825301051139832,original,panel_cosmos_05,1280
0.627360813380005,ai_wan,Crane lifting steel beams,0.0,d3_resnet18,0.7547450830170419,"[2.8359768390655518, 3.2374439239501953, 2.7704529762268066, 3.056689500808716, 2.31335186958313, 2.487168312072754, 2.30057954788208, 2.4692797660827637, 2.800400495529175, 2.0547266006469727, 2.9306018352508545, 1.8515663146972656, 2.7442874908447266, 2.506920337677002, 2.281432867050171]",16.0,161,720,ai,54ac01af0d8fb446fe82a0aa036c8c10248151a8a692919c5e984b4ef9235bb2,"[64, 66, 68, 70, 72, 74, 76, 78, 80, 82, 84, 86, 88, 90, 92, 94]",a8856edeec60c4d616f7ccf3da1b268dd93fc85be655d5bc58e87065e4f5092d,"[0.40146708488464355, -0.46699094772338867, 0.2862365245819092, -0.7433376312255859, 0.17381644248962402, -0.18658876419067383, 0.1687002182006836, 0.33112072944641113, -0.7456738948822021, 0.8758752346038818, -1.0790355205535889, 0.8927211761474609, -0.2373671531677246, -0.22548747062683105]",304b0e5d5bd52c99b4175e4e9e84caeea06425d2137d452fbcc4ab0d94ba3a22,Wan2.2-14B,-0.03961028531193733,0.5939790606498718,original,panel_wan_01,1280
0.4927125182668678,ai_wan,Crane lifting steel beams,0.0,d3_resnet18,0.7015085000020918,"[2.849541187286377, 2.942788600921631, 2.28661847114563, 2.762784719467163, 2.468526840209961, 2.871389865875244, 2.2262210845947266, 3.0177104473114014, 4.3332414627075195, 2.0624501705169678, 3.446556329727173, 2.5950961112976074, 3.693085193634033, 2.808464527130127, 2.2302584648132324]",16.0,161,720,ai,ffb8123c948b72f25c27252e8d0f340b72348ea17b242356a56a06fe7d678453,"[64, 66, 68, 70, 72, 74, 76, 78, 80, 82, 84, 86, 88, 90, 92, 94]",d41ffddca3f24129c9b33ffb0034b311b7e83321c4e13b75d220e6e21b78afa4,"[0.0932474136352539, -0.656170129776001, 0.4761662483215332, -0.29425787925720215, 0.4028630256652832, -0.6451687812805176, 0.7914893627166748, 1.3155310153961182, -2.2707912921905518, 1.384106159210205, -0.8514602184295654, 1.0979890823364258, -0.8846206665039062, -0.5782060623168945]",d9a912f77c58c04d3263f8f478d384c5ee26bfaaee20b0f02314ef752bcfb803,Wan2.2-14B,-0.04423448070883751,1.029581069946289,original,panel_wan_02,1280
0.5977061305219905,ai_wan,Crane lifting steel beams,0.0,d3_resnet18,0.6808406249911059,"[3.732452392578125, 4.006533622741699, 3.275714635848999, 3.925787925720215, 3.2630202770233154, 3.5719053745269775, 3.197211742401123, 2.893056869506836, 4.036708354949951, 3.2234349250793457, 3.850507974624634, 2.8638927936553955, 2.827439785003662, 3.5740065574645996, 3.1011600494384766]",16.0,161,720,ai,c32014acab07c272abfe9058fa769915c66902784bc5e02dd65a08ebee211748,"[64, 66, 68, 70, 72, 74, 76, 78, 80, 82, 84, 86, 88, 90, 92, 94]",97121ccbd249939a14c7544809692b37a1f73afb364dd0fce643d359614ad570,"[0.2740812301635742, -0.7308189868927002, 0.6500732898712158, -0.6627676486968994, 0.3088850975036621, -0.3746936321258545, -0.3041548728942871, 1.1436514854431152, -0.8132734298706055, 0.6270730495452881, -0.9866151809692383, -0.0364530086517334, 0.7465667724609375, -0.47284650802612305]",4bc9112e22a44aad62f30fec34e8e029a1ba364cecad9edde6afb480c1d1c0e1,Wan2.2-14B,-0.04509231075644493,0.6730629801750183,original,panel_wan_03,1280
0.5958203264557581,ai_wan,Crane lifting a pipe,0.0,d3_resnet18,0.6866388329945039,"[3.5874197483062744, 4.093489646911621, 3.2780649662017822, 4.072347164154053, 3.0172946453094482, 3.60906720161438, 2.681777238845825, 3.1246674060821533, 4.05532693862915, 3.396496057510376, 3.4858806133270264, 3.3147597312927246, 3.905137300491333, 3.821432590484619, 3.3503074645996094]",16.0,161,720,ai,5f9b3b9d65ffdb880993a7361d335997b43d46817272a67e80099defcadd389e,"[64, 66, 68, 70, 72, 74, 76, 78, 80, 82, 84, 86, 88, 90, 92, 94]",8057b9976ba8a7f4f968be5936b5e16279354ac1dad23cdc454133a704e43b4e,"[0.5060698986053467, -0.8154246807098389, 0.7942821979522705, -1.0550525188446045, 0.5917725563049316, -0.9272899627685547, 0.4428901672363281, 0.9306595325469971, -0.6588308811187744, 0.08938455581665039, -0.17112088203430176, 0.5903775691986084, -0.08370471000671387, -0.47112512588500977]",949b39c29d327d68bb667c3997167c151fe24387b95967de53b7faa7bed77b6b,Wan2.2-14B,-0.016936590895056725,0.6783583164215088,original,panel_wan_04,1280
0.42682759974145934,ai_wan,Workers moving construction materials,0.0,d3_resnet18,0.6753173340111971,"[5.67316198348999, 5.529612064361572, 4.037216663360596, 4.920351505279541, 4.122946262359619, 5.257330894470215, 3.38798189163208, 4.44022798538208, 5.663026809692383, 4.543415546417236, 6.417600154876709, 4.023350715637207, 4.697422027587891, 5.193930149078369, 4.013832092285156]",16.0,161,720,ai,ecb0367b1c00143637abe79799612e49dde0fd3ebade572fc5093c91ae722bd3,"[64, 66, 68, 70, 72, 74, 76, 78, 80, 82, 84, 86, 88, 90, 92, 94]",de755f850739b76e38039eb66a93209699c4c89830fd02e2d7f98b7f8738a9df,"[-0.14354991912841797, -1.4923954010009766, 0.8831348419189453, -0.7974052429199219, 1.1343846321105957, -1.8693490028381348, 1.05224609375, 1.2227988243103027, -1.1196112632751465, 1.8741846084594727, -2.394249439239502, 0.6740713119506836, 0.4965081214904785, -1.180098056793213]",79f9a06b5b5084828559a196e6be5f57d92d814dbdfbbf909d8f34eaa51c110c,Wan2.2-14B,-0.11852356046438217,1.34286630153656,original,panel_wan_05,1280
0.6012859332441791,real_ground,Tower crane operating beside an unfinished building,0.0,d3_resnet18,1.436125540989451,"[3.3244881629943848, 4.355017185211182, 5.673227310180664, 4.960823059082031, 4.987843990325928, 4.7395453453063965, 5.089596748352051, 5.224267482757568, 4.428226470947266, 5.00330924987793, 4.936507701873779, 4.338054180145264, 5.1154866218566895, 4.633822917938232, 5.1678924560546875]",30.0,618,1080,real,834d5dc047e09588363117fb2b51a816fb691efd120e46d61fa8fb7be0924388,"[279, 282, 286, 290, 294, 297, 301, 305, 309, 312, 316, 320, 324, 327, 331, 335]",16c0d1a1c21717bd4cdf48fa48dcfdd6d044849633e8d1e5bd9b3a64b14395bd,"[1.0305290222167969, 1.3182101249694824, -0.7124042510986328, 0.027020931243896484, -0.24829864501953125, 0.3500514030456543, 0.13467073440551758, -0.7960410118103027, 0.5750827789306641, -0.06680154800415039, -0.5984535217285156, 0.7774324417114258, -0.48166370391845703, 0.5340695381164551]",c0013ace4d6a3c7633a37755932db3a3cfb53779042b392c5d5d870001ab3c49,Wikimedia Commons,0.131671741604805,0.6631022691726685,original,construction_real_01,1920
0.49107615156270085,real_elevated,Tower crane over a sports-building construction site,0.0,d3_resnet18,1.7813328749907669,"[5.8458967208862305, 6.7864460945129395, 5.682625770568848, 5.501399517059326, 5.441714763641357, 5.912209510803223, 3.9398646354675293, 4.26288366317749, 2.684307336807251, 4.618069171905518, 5.626413822174072, 5.282733917236328, 5.462198734283447, 4.954622745513916, 4.773054122924805]",24.0,1833,720,real,840f784bf3562dab7fbbe9d4ae53daccee4a0504289952d05745f27a821f49f1,"[892, 895, 898, 901, 904, 907, 910, 913, 916, 919, 922, 925, 928, 931, 934, 937]",81a507205cd9f502b87c08e825d9fb0b77272e7e6f3d734c6cdc1715c9b40af3,"[0.940549373626709, -1.1038203239440918, -0.18122625350952148, -0.05968475341796875, 0.47049474716186523, -1.9723448753356934, 0.32301902770996094, -1.5785763263702393, 1.9337618350982666, 1.0083446502685547, -0.34367990493774414, 0.17946481704711914, -0.5075759887695312, -0.18156862258911133]",ad67214f32ec25cdd4b3be15aa63222344535e78c928896b382695ba374cbfd4,Wikimedia Commons,-0.07663161307573318,1.036344051361084,original,construction_real_02,1280
0.5584983076990117,ai_elevated,"Mobile crane, machinery and workers on an urban construction site",0.0,d3_resnet18,0.8532561250030994,"[1.7571574449539185, 2.9922256469726562, 2.7274043560028076, 2.7136712074279785, 2.0987579822540283, 2.0500288009643555, 2.859358310699463, 2.621772289276123, 2.837228298187256, 2.181490898132324, 3.174203634262085, 1.8501580953598022, 2.8901681900024414, 2.1039156913757324, 2.886564254760742]",30.0,240,720,ai,cce027c0aad224b4249b593b774fc2a0d6398bb9ec5c743d797637a7c5ad2265,"[90, 93, 97, 101, 105, 108, 112, 116, 120, 123, 127, 131, 135, 138, 142, 146]",555daa17b5ad38c9de9e94b33c8d0f9ff00adb224e40c6993d379a02d1a7e2af,"[1.2350682020187378, -0.26482129096984863, -0.013733148574829102, -0.6149132251739502, -0.04872918128967285, 0.8093295097351074, -0.23758602142333984, 0.2154560089111328, -0.6557374000549316, 0.9927127361297607, -1.3240455389022827, 1.0400100946426392, -0.786252498626709, 0.7826485633850098]",879c8b985886ad459f81ba3e2ca741d824e204f6a7641f66df3238661579d9de,sora-2-pro,0.08067191392183304,0.7905157208442688,original,construction_ai_01,1280
0.49446330246541176,ai_ground,"Cranes, excavators, mixer and workers on a construction site",0.0,d3_resnet18,0.7327052499749698,"[1.4213438034057617, 2.2954509258270264, 2.3161962032318115, 2.8157758712768555, 1.993736743927002, 2.321004629135132, 2.432605504989624, 1.8523129224777222, 2.5895698070526123, 1.882932186126709, 2.935075283050537, 1.3974605798721313, 2.9259612560272217, 1.3553171157836914, 2.863222122192383]",30.0,240,720,ai,55ed301acaca2a32d6cd37aeaf31dd6d3af62a189cf2e373a213721ceee560fa,"[90, 93, 97, 101, 105, 108, 112, 116, 120, 123, 127, 131, 135, 138, 142, 146]",191d56135eacc290626fde70ba65e549f9f0c04b3b6adb627187d86368b6bb6f,"[0.8741071224212646, 0.020745277404785156, 0.49957966804504395, -0.8220391273498535, 0.3272678852081299, 0.11160087585449219, -0.5802925825119019, 0.7372568845748901, -0.7066376209259033, 1.0521430969238281, -1.5376147031784058, 1.5285006761550903, -1.5706441402435303, 1.5079050064086914]",2caccf4460e20a2da4b59f7260218ff097d2b9d9675cfa2d3588b6263a0463c0,sora-2-pro,0.10299130529165268,1.0223947763442993,original,construction_ai_02,1280
0.5035528728961811,ai_ground,Tower crane and suspended load over an active construction site,0.0,d3_resnet18,0.7014040420181118,"[5.1047749519348145, 4.102679252624512, 4.023513317108154, 4.447677135467529, 4.51725435256958, 5.157195568084717, 3.576324462890625, 5.18223237991333, 5.210851192474365, 3.189619541168213, 4.3979363441467285, 3.8326146602630615, 4.053071022033691, 3.750123977661133, 3.9534640312194824]",24.0,192,720,ai,dc97bb059190af704c6c21ca28b261c18a51072d42f22094c0083c6a71337564,"[72, 75, 78, 81, 84, 87, 90, 93, 96, 99, 102, 105, 108, 111, 114, 117]",91bc42c6b156172e89b440b6f396726b4ae9e25b43cc71fd658319387210b538,"[-1.0020956993103027, -0.07916593551635742, 0.424163818359375, 0.06957721710205078, 0.6399412155151367, -1.5808711051940918, 1.605907917022705, 0.028618812561035156, -2.0212316513061523, 1.2083168029785156, -0.565321683883667, 0.22045636177062988, -0.3029470443725586, 0.2033400535583496]",d77308313597bda85ca84e280c992d9a656ad11229cf384da762d18fa4854b79,veo3.1,-0.08223649114370346,0.9858887791633606,original,construction_ai_03,1280
0.5303618531060416,real_ground,Rail crane loading a site cabin after station construction,0.0,d3_resnet18,3.1284529590047896,"[1.9892762899398804, 1.6462011337280273, 3.010349750518799, 1.693141222000122, 2.696894645690918, 3.5905137062072754, 3.4774651527404785, 3.738163471221924, 3.026404619216919, 4.132336139678955, 2.873952865600586, 3.3735313415527344, 3.080448627471924, 3.54282808303833, 2.6689822673797607]",25.0,2496,1080,real,97a52887cc9c1520f8ab7516bfa2d64e607ba8693e5ee846ab70f93888135627,"[1223, 1226, 1229, 1232, 1235, 1238, 1241, 1244, 1248, 1251, 1254, 1257, 1260, 1263, 1266, 1269]",d84946f648ae7bcb6f3653901ce869cd2408a6c01093c3041c78fb6593a62a60,"[-0.343075156211853, 1.3641486167907715, -1.3172085285186768, 1.003753423690796, 0.8936190605163574, -0.11304855346679688, 0.2606983184814453, -0.7117588520050049, 1.1059315204620361, -1.2583832740783691, 0.49957847595214844, -0.29308271408081055, 0.46237945556640625, -0.8738458156585693]",7ca6a391c5bb853d6e00e392394b178e2d81fbeac19f4363c2c937ced473458e,Wikimedia Commons,0.048550426959991455,0.8855051398277283,original,construction_real_03,1920
