video_id,source,source_id,label,cohort,variant,crf,ai_score,fusion_logit,pixel_score,motion_score,consistency_score,sampled_frame_indices,delta_vs_original,elapsed_sec,width,height,frames,fps,sha256
real_01,MSVD,-4wsuPCjDBc,real,diagnostic_sweep,original,,0.9664109945297241,3.359391212463379,0.7995399832725525,0.6360139846801758,0.9999066591262817,"[90, 97, 105, 113, 121, 129, 137, 145, 152, 160, 168, 176, 184, 192, 200, 208]",0.0,2.3897821250138804,480,360,300,29.916666666666668,ffa148e164ea0fd89ce3d6e3125dce4fe4a54f92f7ee5334e8759d2e24cca1b9
real_01,MSVD,-4wsuPCjDBc,real,diagnostic_sweep,crf_18,18,0.9811278581619263,3.9510183334350586,0.9169614315032959,0.6137451529502869,0.999915361404419,"[90, 97, 105, 113, 121, 129, 137, 145, 152, 160, 168, 176, 184, 192, 200, 208]",0.014716863632202148,2.2423675830068532,480,360,300,29.916666666666668,4bd318b39a8d96dc0a59a90af263ea5a01e12dccf99fc1ef97e9cc42e8744cb8
real_01,MSVD,-4wsuPCjDBc,real,diagnostic_sweep,crf_23,23,0.9823082685470581,4.016808986663818,0.9075163006782532,0.6466955542564392,0.9998971223831177,"[90, 97, 105, 113, 121, 129, 137, 145, 152, 160, 168, 176, 184, 192, 200, 208]",0.015897274017333984,2.2619545419875067,480,360,300,29.916666666666668,3b8cb0796cc1881bb4a5deb529dcb8c69a8a677ddc1d84d02735d2fd74d62fe4
real_01,MSVD,-4wsuPCjDBc,real,diagnostic_sweep,crf_28,28,0.9811758399009705,3.9536075592041016,0.9257071018218994,0.5941941142082214,0.9998992681503296,"[90, 97, 105, 113, 121, 129, 137, 145, 152, 160, 168, 176, 184, 192, 200, 208]",0.014764845371246338,2.1824666669999715,480,360,300,29.916666666666668,e63c84858c523a09141da07feb1ab9340f52639f54c53c16ae02f25b7a7900ee
real_01,MSVD,-4wsuPCjDBc,real,diagnostic_sweep,crf_32,32,0.6658079624176025,0.6892856359481812,0.10237109661102295,0.6573771238327026,0.9989197254180908,"[90, 97, 105, 113, 121, 129, 137, 145, 152, 160, 168, 176, 184, 192, 200, 208]",-0.3006030321121216,2.2241017909836955,480,360,300,29.916666666666668,c76b3ef723450f69ad96f369b770a415100a892a9c0ed4860d4905336c80f12f
real_01,MSVD,-4wsuPCjDBc,real,diagnostic_sweep,crf_35,35,0.02379401959478855,-3.7142393589019775,0.0024229460395872593,0.42765167355537415,0.759316086769104,"[90, 97, 105, 113, 121, 129, 137, 145, 152, 160, 168, 176, 184, 192, 200, 208]",-0.9426169749349356,2.2943150420032907,480,360,300,29.916666666666668,6998aa9123c7bb2c942e4abd27f2b8b622342ede205945b515f8f8413dda234a
real_08,MSVD,-Ms9tsWmhyU,real,diagnostic_sweep,original,,0.0030900740530341864,-5.77646541595459,0.0001459440973121673,0.9802443981170654,0.0013176397187635303,"[83, 86, 90, 94, 98, 102, 106, 110, 113, 117, 121, 125, 129, 133, 137, 141]",0.0,1.9949674159870483,320,240,225,14.985014985014985,d054ab4045b4ec49f3e830872488a1a24ddde337b910edd7b06c21eca5dc2791
real_08,MSVD,-Ms9tsWmhyU,real,diagnostic_sweep,crf_18,18,0.003006143029779196,-5.804086685180664,0.0001376668515149504,0.9812794923782349,0.0012983271153643727,"[83, 86, 90, 94, 98, 102, 106, 110, 113, 117, 121, 125, 129, 133, 137, 141]",-8.393102325499058e-05,2.0293496669910382,320,240,225,14.985014985014985,0d77c411d0fece9aa6c1a6e52d9edee1f05cabc5e9943397c71f4271b2f7a540
real_08,MSVD,-Ms9tsWmhyU,real,diagnostic_sweep,crf_23,23,0.002450055442750454,-6.009191513061523,0.000125673454022035,0.9809624552726746,0.0011714017018675804,"[83, 86, 90, 94, 98, 102, 106, 110, 113, 117, 121, 125, 129, 133, 137, 141]",-0.0006400186102837324,2.0950039159797598,320,240,225,14.985014985014985,cea65b3b66b0d7deb4d832ad84518b06488eb19986f31fcf000e8aa9c0da88e7
real_08,MSVD,-Ms9tsWmhyU,real,diagnostic_sweep,crf_28,28,0.005894269794225693,-5.127862930297852,0.00024330336600542068,0.9814481139183044,0.0018487260676920414,"[83, 86, 90, 94, 98, 102, 106, 110, 113, 117, 121, 125, 129, 133, 137, 141]",0.0028041957411915064,1.986073333013337,320,240,225,14.985014985014985,ccd0bed37fa93fed255caeb90fbb0f324c72bf5492df0439c7b8642c9b5d2d70
real_08,MSVD,-Ms9tsWmhyU,real,diagnostic_sweep,crf_32,32,0.014501957222819328,-4.218863487243652,0.0005281160701997578,0.9795488119125366,0.0019617213401943445,"[83, 86, 90, 94, 98, 102, 106, 110, 113, 117, 121, 125, 129, 133, 137, 141]",0.011411883169785142,2.0854865000001155,320,240,225,14.985014985014985,6994ce384246dac6135739bca495d5cbbc21049899d6845c39110c19e0eb1a3a
real_08,MSVD,-Ms9tsWmhyU,real,diagnostic_sweep,crf_35,35,0.008092306554317474,-4.808716297149658,0.0003557099844329059,0.9819225072860718,0.0015599814942106605,"[83, 86, 90, 94, 98, 102, 106, 110, 113, 117, 121, 125, 129, 133, 137, 141]",0.005002232501283288,2.0362071249983273,320,240,225,14.985014985014985,20ee3434722c1230104a629c1d3f4072819e931b42f17b053ca78504a7753bd1
ai_06,VEO3,0057fd09-280b-5730-94f1-401e647a3741,ai,diagnostic_sweep,original,,0.9999043941497803,9.255871772766113,0.9999250173568726,0.20084965229034424,0.9998642206192017,"[48, 54, 60, 67, 73, 79, 86, 92, 98, 105, 111, 117, 124, 130, 136, 143]",0.0,3.265763000003062,1280,720,192,24.0,88085963f36e9372e6778575b374f70b41cd227306f5e2c51aba6c659f1c8d8b
ai_06,VEO3,0057fd09-280b-5730-94f1-401e647a3741,ai,diagnostic_sweep,crf_18,18,0.9998916387557983,9.129959106445312,0.9999160766601562,0.19976098835468292,0.9998713731765747,"[48, 54, 60, 67, 73, 79, 86, 92, 98, 105, 111, 117, 124, 130, 136, 143]",-1.2755393981933594e-05,3.257110916019883,1280,720,192,24.0,572474313999393065ccc0aeb85a0ab727d27e6d99d6796cdefed14479a3bb5a
ai_06,VEO3,0057fd09-280b-5730-94f1-401e647a3741,ai,diagnostic_sweep,crf_23,23,0.9998573064804077,8.85450267791748,0.9998983144760132,0.19846007227897644,0.9998739957809448,"[48, 54, 60, 67, 73, 79, 86, 92, 98, 105, 111, 117, 124, 130, 136, 143]",-4.7087669372558594e-05,3.285228750028182,1280,720,192,24.0,1106bbd032fae42bf714acce4b603dd5b6164edd177ef89c6e374ab3d9a7b56b
ai_06,VEO3,0057fd09-280b-5730-94f1-401e647a3741,ai,diagnostic_sweep,crf_28,28,0.9993333220481873,7.312541961669922,0.9997147917747498,0.1941586285829544,0.9996622800827026,"[48, 54, 60, 67, 73, 79, 86, 92, 98, 105, 111, 117, 124, 130, 136, 143]",-0.0005710721015930176,3.2559402919723652,1280,720,192,24.0,3b204528779a51321a767cd84a75b52f363233465d68679b452206eeb1ff5694
ai_06,VEO3,0057fd09-280b-5730-94f1-401e647a3741,ai,diagnostic_sweep,crf_32,32,0.9989377856254578,6.846295356750488,0.9995399713516235,0.18491698801517487,0.9997592568397522,"[48, 54, 60, 67, 73, 79, 86, 92, 98, 105, 111, 117, 124, 130, 136, 143]",-0.0009666085243225098,3.320906750013819,1280,720,192,24.0,297cdbf55e2e48f69d6ef2f4a75a2e690a29145eaf09099edc45c0bc20d58d32
ai_06,VEO3,0057fd09-280b-5730-94f1-401e647a3741,ai,diagnostic_sweep,crf_35,35,0.9452821612358093,2.8492932319641113,0.9658335447311401,0.19226694107055664,0.9994142055511475,"[48, 54, 60, 67, 73, 79, 86, 92, 98, 105, 111, 117, 124, 130, 136, 143]",-0.05462223291397095,3.285598167014541,1280,720,192,24.0,d27aad95753defe11f6137dd8aae5acfc831028e829958d06f39f69ec30cb152
ai_03,Sora,050221_138598904%2Fmd,ai,diagnostic_sweep,original,,0.9411244988441467,2.771651268005371,0.975976288318634,0.0488089993596077,0.9998515844345093,"[15, 22, 30, 38, 46, 54, 62, 70, 78, 86, 94, 102, 110, 118, 126, 134]",0.0,2.511332499998389,854,480,150,30.0,e9fd49bce539c8fe640fc60f127d189a822f9deedfe65ad66bfdb3a4114e9a9a
ai_03,Sora,050221_138598904%2Fmd,ai,diagnostic_sweep,crf_18,18,0.946255624294281,2.868274211883545,0.9793204069137573,0.04849660024046898,0.9998360872268677,"[15, 22, 30, 38, 46, 54, 62, 70, 78, 86, 94, 102, 110, 118, 126, 134]",0.005131125450134277,2.9301696670008823,854,480,150,30.0,5b77d82a9371a3717b41d2cffd980558fdf2e381cb28d88d73796beefbe25471
ai_03,Sora,050221_138598904%2Fmd,ai,diagnostic_sweep,crf_23,23,0.9460434317588806,2.864109516143799,0.9783473014831543,0.04947485029697418,0.9998127818107605,"[15, 22, 30, 38, 46, 54, 62, 70, 78, 86, 94, 102, 110, 118, 126, 134]",0.004918932914733887,2.662491333001526,854,480,150,30.0,62da9930c3dfaa944569ae8bb05e53f1fa4c3937139192ca16f187c52da404d0
ai_03,Sora,050221_138598904%2Fmd,ai,diagnostic_sweep,crf_28,28,0.8876969218254089,2.0674290657043457,0.957219123840332,0.05014612153172493,0.9997740387916565,"[15, 22, 30, 38, 46, 54, 62, 70, 78, 86, 94, 102, 110, 118, 126, 134]",-0.05342757701873779,2.5755706249910872,854,480,150,30.0,e9a419fae5c305523723733fabb1acdf66852c3e59fdf772e2def72231de8bae
ai_03,Sora,050221_138598904%2Fmd,ai,diagnostic_sweep,crf_32,32,0.9614322781562805,3.2160069942474365,0.9878391027450562,0.04783337563276291,0.9998341798782349,"[15, 22, 30, 38, 46, 54, 62, 70, 78, 86, 94, 102, 110, 118, 126, 134]",0.02030777931213379,2.4987562499882188,854,480,150,30.0,38e234e6894daf0f1c9d1d2f709c3833268a6195b5741487a6ce4d8e1e5d56fa
ai_03,Sora,050221_138598904%2Fmd,ai,diagnostic_sweep,crf_35,35,0.974808931350708,3.6557531356811523,0.9919920563697815,0.050833288580179214,0.9998579025268555,"[15, 22, 30, 38, 46, 54, 62, 70, 78, 86, 94, 102, 110, 118, 126, 134]",0.03368443250656128,2.591492166975513,854,480,150,30.0,28fd0f8c6e0fe313b309374cd98d09a36f1aa49d1b72bf50687c7bc8fb7c0bf6
davis_01,DAVIS,aerobatics,real,second_source,original,,0.0007268160698004067,-7.226109981536865,0.00960749201476574,0.017766812816262245,0.12186078727245331,"[0, 4, 9, 14, 18, 23, 28, 32, 37, 42, 46, 51, 56, 60, 65, 70]",0.0,2.4590042920026463,854,480,71,24.0,39e3fec5742146ec687f285697ff27e0f40564f8a49c0f3c158508f8c81e7056
davis_01,DAVIS,aerobatics,real,second_source,crf_18,18,0.00039136441773734987,-7.845479965209961,0.007158320397138596,0.01773242838680744,0.049501437693834305,"[0, 4, 9, 14, 18, 23, 28, 32, 37, 42, 46, 51, 56, 60, 65, 70]",-0.0003354516520630568,2.48356995798531,854,480,71,24.0,69ccca91ebc017d2ee0de2aecee5c48be9158e41597edc89ac99163ad0776a1d
davis_01,DAVIS,aerobatics,real,second_source,crf_35,35,0.00019677144882734865,-8.533270835876465,0.005159743130207062,0.019475456327199936,0.016369115561246872,"[0, 4, 9, 14, 18, 23, 28, 32, 37, 42, 46, 51, 56, 60, 65, 70]",-0.000530044620973058,2.5188673750089947,854,480,71,24.0,627cafe18e8540327d9747a387fc7da14e3ea2bfb8425502bd04ee8f80309418
davis_01,DAVIS,aerobatics,real,second_source,resize,18,0.000573971017729491,-7.462357521057129,0.013064376078546047,0.024286795407533646,0.13213831186294556,"[0, 4, 9, 14, 18, 23, 28, 32, 37, 42, 46, 51, 56, 60, 65, 70]",-0.0001528450520709157,2.066979084018385,426,240,71,24.0,f27bccef5885c464910ed52522aaa36b40447900820f27dacf1418729febc74d
davis_01,DAVIS,aerobatics,real,second_source,crop,18,0.009961758740246296,-4.598989963531494,0.041715580970048904,0.028338421136140823,0.9808829426765442,"[0, 4, 9, 14, 18, 23, 28, 32, 37, 42, 46, 51, 56, 60, 65, 70]",0.00923494267044589,2.4095458340016194,682,384,71,24.0,2b752c36ebbf6a02cf23fd0609fe21e3c96db557934bceed53038b67fb2cdd50
davis_02,DAVIS,baseball,real,second_source,original,,0.0016943677328526974,-6.378749847412109,0.001833257032558322,0.13070635497570038,0.03382125496864319,"[0, 5, 11, 17, 23, 29, 35, 41, 47, 53, 59, 65, 71, 77, 83, 89]",0.0,2.8610989580047317,910,480,90,24.0,e1da20aea919ebeb31afe372a9cf7d008886c1b437bd5b76e28ffd887526815d
davis_02,DAVIS,baseball,real,second_source,crf_18,18,0.001254613627679646,-6.6796722412109375,0.0016217646189033985,0.12999384105205536,0.019021764397621155,"[0, 5, 11, 17, 23, 29, 35, 41, 47, 53, 59, 65, 71, 77, 83, 89]",-0.00043975410517305136,2.5205179170006886,910,480,90,24.0,ad3ff56b94e14242f367cb6c542979cebb866bd52975548051059d74a98e555d
davis_02,DAVIS,baseball,real,second_source,crf_35,35,0.0005352905136533082,-7.53216552734375,0.0006459523574449122,0.15824364125728607,0.008423314429819584,"[0, 5, 11, 17, 23, 29, 35, 41, 47, 53, 59, 65, 71, 77, 83, 89]",-0.0011590772191993892,2.5177082089940086,910,480,90,24.0,ad50414254f1fe727ae53057bda209792544d38e28a2c3665c66c5f772ed6c6a
davis_02,DAVIS,baseball,real,second_source,resize,18,0.0027425598818808794,-5.896117210388184,0.002122879261150956,0.23335660994052887,0.039277154952287674,"[0, 5, 11, 17, 23, 29, 35, 41, 47, 53, 59, 65, 71, 77, 83, 89]",0.001048192149028182,2.132220125000458,454,240,90,24.0,36d961e760ed511295be590c443d38577dca0f4aa9f3035d67adbd8da2fa1cc9
davis_02,DAVIS,baseball,real,second_source,crop,18,0.0010566194541752338,-6.85162353515625,0.0012672069715335965,0.19302786886692047,0.011626570485532284,"[0, 5, 11, 17, 23, 29, 35, 41, 47, 53, 59, 65, 71, 77, 83, 89]",-0.0006377482786774635,2.324221499991836,728,384,90,24.0,e6ea4ed52dfc0ff73783d316c2d28d5dac84162db6648789adb9b9f7a7716414
davis_03,DAVIS,basketball-game,real,second_source,original,,0.0004994921619072556,-7.601418972015381,0.0006712048780173063,0.1915617734193802,0.0018701569642871618,"[0, 5, 10, 15, 20, 25, 30, 35, 40, 45, 50, 55, 60, 65, 70, 76]",0.0,2.502258416003315,854,480,77,24.0,6e06aac16243f01484fb9a895f045294ac46e288be23642613556d0c11118d00
davis_03,DAVIS,basketball-game,real,second_source,crf_18,18,0.0005219354061409831,-7.5574445724487305,0.0007217698148451746,0.19607293605804443,0.0018121344037353992,"[0, 5, 10, 15, 20, 25, 30, 35, 40, 45, 50, 55, 60, 65, 70, 76]",2.2443244233727455e-05,2.4764747919980437,854,480,77,24.0,8c1cc78f46bed6d784a747b7469538db07492c4044dfa21740de0f5ab0ab944f
davis_03,DAVIS,basketball-game,real,second_source,crf_35,35,0.000563549401704222,-7.480691909790039,0.0007021974888630211,0.26574766635894775,0.0018643094226717949,"[0, 5, 10, 15, 20, 25, 30, 35, 40, 45, 50, 55, 60, 65, 70, 76]",6.405723979696631e-05,2.5038072500028647,854,480,77,24.0,2cf23adeb5e2975bee7f2ebec1d6b020f58ce012ab795767cc62d449ee351638
davis_03,DAVIS,basketball-game,real,second_source,resize,18,0.0010206140577793121,-6.886329650878906,0.0006425792817026377,0.8829249143600464,0.0013404474593698978,"[0, 5, 10, 15, 20, 25, 30, 35, 40, 45, 50, 55, 60, 65, 70, 76]",0.0005211218958720565,2.1050056669919286,426,240,77,24.0,a47693af9ae4c41953dccb98f18971c1becee131b1d5c29a1808e2ba6c7a5434
davis_03,DAVIS,basketball-game,real,second_source,crop,18,0.0004778784641530365,-7.645676136016846,0.0005367212579585612,0.17373809218406677,0.00157773622777313,"[0, 5, 10, 15, 20, 25, 30, 35, 40, 45, 50, 55, 60, 65, 70, 76]",-2.1613697754219174e-05,2.302544666978065,682,384,77,24.0,9dba414ed71cc26fdef6bd3adb54cb682afb432d941a26bafddcc4a2585104b2
davis_04,DAVIS,bear,real,second_source,original,,0.9941451549530029,5.134622573852539,0.9991827607154846,0.05687340721487999,0.9997122883796692,"[0, 5, 10, 16, 21, 27, 32, 37, 43, 48, 54, 59, 64, 70, 75, 81]",0.0,2.513445624994347,854,480,82,24.0,54d820453f3379becd15020737783a5d716c528d3bc179a34f34b7e860560db2
davis_04,DAVIS,bear,real,second_source,crf_18,18,0.9932690262794495,4.9942851066589355,0.9991528987884521,0.05507154017686844,0.9996078610420227,"[0, 5, 10, 16, 21, 27, 32, 37, 43, 48, 54, 59, 64, 70, 75, 81]",-0.0008761286735534668,2.5428332920128014,854,480,82,24.0,0f507aad053965193a5217696c9e6992f0d8124bce9cc9d9e99c4128f17debef
davis_04,DAVIS,bear,real,second_source,crf_35,35,0.23746226727962494,-1.1666432619094849,0.9532593488693237,0.050755493342876434,0.9849464893341064,"[0, 5, 10, 16, 21, 27, 32, 37, 43, 48, 54, 59, 64, 70, 75, 81]",-0.756682887673378,2.530635750008514,854,480,82,24.0,4e5da449c4e993c62d005cb04e6dfa910ab8aee61b7b54e61b0d1bd50a4d25b5
davis_04,DAVIS,bear,real,second_source,resize,18,0.999431312084198,7.471565246582031,0.9998947381973267,0.06273019313812256,0.9997528195381165,"[0, 5, 10, 16, 21, 27, 32, 37, 43, 48, 54, 59, 64, 70, 75, 81]",0.005286157131195068,2.512441958009731,426,240,82,24.0,c3d12d53270d20aa781c1b76743868571972c4d29d598e6ae31fc4dac09b1957
davis_04,DAVIS,bear,real,second_source,crop,18,0.9921488761901855,4.839221000671387,0.9993869066238403,0.03068663738667965,0.9994499087333679,"[0, 5, 10, 16, 21, 27, 32, 37, 43, 48, 54, 59, 64, 70, 75, 81]",-0.001996278762817383,2.428921500017168,682,384,82,24.0,977299fb17711bae25f6b5868d70ba6a1afe56c883e337d7e7d425dae294e124
davis_05,DAVIS,bears-ball,real,second_source,original,,3.5596418456407264e-05,-10.243229866027832,0.00011300214100629091,0.018172260373830795,0.0004998875665478408,"[0, 5, 10, 15, 20, 25, 30, 35, 41, 46, 51, 56, 61, 66, 71, 77]",0.0,2.510319624998374,854,480,78,24.0,e8a3b2ffb926eeecb736c8a3c1656f303662b789705c5270b0c33f13ebdd9ab0
davis_05,DAVIS,bears-ball,real,second_source,crf_18,18,3.501370156300254e-05,-10.259736061096191,0.00010879914043471217,0.017787044867873192,0.0004937814665026963,"[0, 5, 10, 15, 20, 25, 30, 35, 41, 46, 51, 56, 61, 66, 71, 77]",-5.827168934047222e-07,2.689848666981561,854,480,78,24.0,e7ac5d718730ff7c15861300da33686f1ff46b79e0af4c27627b73d5ede74d9b
davis_05,DAVIS,bears-ball,real,second_source,crf_35,35,4.1709070501383394e-05,-10.084750175476074,0.00014375770115293562,0.02487984113395214,0.0005436784704215825,"[0, 5, 10, 15, 20, 25, 30, 35, 41, 46, 51, 56, 61, 66, 71, 77]",6.11265204497613e-06,2.584121874999255,854,480,78,24.0,f9b90936469ee44baef1c4e29be41091f79d67a0f762082b0953a0056c69e0e4
davis_05,DAVIS,bears-ball,real,second_source,resize,18,4.970927329850383e-05,-9.909269332885742,0.00011932324559893459,0.025991909205913544,0.0004873723373748362,"[0, 5, 10, 15, 20, 25, 30, 35, 41, 46, 51, 56, 61, 66, 71, 77]",1.4112854842096567e-05,2.276046332990518,426,240,78,24.0,3b8c01888369ba66f368f0c28bc748677a8647e1e87560d54b3f66d66e4bd6ed
davis_05,DAVIS,bears-ball,real,second_source,crop,18,8.78490463946946e-05,-9.339802742004395,0.00024281415971927345,0.030300375074148178,0.0005230655078776181,"[0, 5, 10, 15, 20, 25, 30, 35, 41, 46, 51, 56, 61, 66, 71, 77]",5.225262793828733e-05,2.3175686670001596,682,384,78,24.0,7fc504e2941eccd4391461cedad6267c0bfa48a1b92f6550a1ad325534e8ee6f
