ai_score,cell,consistency_score,content,delta_vs_baseline,detector,elapsed_sec,fps,frame_logits,frames,fusion_logit,height,label,model_input_sha256,motion_score,pixel_score,sampled_frame_indices,sampled_rgb_sha256,sha256,source,variant,video_id,width
3.230566289857961e-05,real_kitchen,0.0006906935013830662,Slicing a lemon,0.0,aegis,3.648526708013378,23.976023976023978,,96,-10.340235710144043,720,real,92834007905fa4ce62b4bbcbfde52b97133cad10c985207f075e22133dc2cddf,0.008643466979265213,0.00018097372958436608,"[0, 6, 12, 18, 25, 31, 37, 43, 50, 56, 62, 68, 75, 81, 87, 94]",c727ea6bcfafd1b50af53083432a6ddc69c4335118263d88359a11c2c82a8440,5dc85e05eaef1fc61a01e3b58281069287391f2f124f4abda555468080ae377a,MSVD,original,real_check_01,1280
5.140504435985349e-05,real_kitchen,0.0006003009038977325,Pouring vanilla into a spoon,0.0,aegis,2.532101542019518,29.97002997002997,,150,-9.875722885131836,720,real,0eaf6c68a2293760142f6b6ed116c9369e14b1bd8c5664f2f3e5452759df87ac,0.01837749034166336,0.0001641765411477536,"[15, 22, 30, 38, 46, 54, 62, 70, 77, 85, 93, 101, 109, 117, 125, 133]",a71d64bb6870ece1b5a951955b29a753dd8ccd97b825f0f6c977da5e8597b9e1,883d30d77482095c54c8671751ab447518c61f2da23593f182572c6ad4cbec9c,MSVD,original,real_check_02,1280
3.125206058030017e-05,real_kitchen,0.0007123203831724823,Putting a frittata in an oven,0.0,aegis,2.4032702920085285,29.97002997002997,,120,-10.373394012451172,720,real,2fb062fa9812ba0c35b4e24eb1811ff457f5f0f738c4627275f8e696705d0541,0.006836055777966976,0.0004726978368125856,"[0, 7, 15, 23, 31, 39, 47, 55, 62, 70, 78, 86, 94, 102, 110, 118]",46f714bc0cd0837d78072cf71e97ee7d70ecef6f5529e665c7c5f8a2fd29387c,229de4e18c2cc104a215d672036dc61de44b5b6bde1f63be7e28f16de3b2bb9d,MSVD,original,real_check_03,1280
6.245113763725385e-05,real_kitchen,0.0013787202769890428,Pouring rice into a pan,0.0,aegis,2.3832128750218544,29.97002997002997,,150,-9.681063652038574,720,real,09096e905170c0a7f4de27375f856d9aa96d8ada43db6c8924b38efb1afb6506,0.029507702216506004,0.0010513428132981062,"[15, 22, 30, 38, 46, 54, 62, 70, 77, 85, 93, 101, 109, 117, 125, 133]",b1780449e9fe5e7ee432cf87bea9d177ef55feed5b3c5e4374b987c5e8e9e58d,df9a237a3b0efb586f12c590b1c78f107dcfeb31e3c608f75ca956a917dc947a,MSVD,original,real_check_04,1280
9.960638271877542e-05,real_kitchen,0.0006823383737355471,Seasoning water in a container,0.0,aegis,2.3050667500065174,29.97002997002997,,180,-9.214184761047363,720,real,8aeea3956e92ab81adab832afe0b1aba5897f2ce9d561569670a5bb21369a05a,0.10374559462070465,0.0001512271264800802,"[30, 37, 45, 53, 61, 69, 77, 85, 92, 100, 108, 116, 124, 132, 140, 148]",b5e295b42e71022262e924bf7491d089132f65516dd6a5e853d1efc22b7da7f3,57957e5444fdb956e4ba76e402babbbf8c5eed2ed23988e3ef036d61d4ba004b,MSVD,original,real_check_05,1280
2.0571780623868108e-05,real_kitchen,0.0010430540423840284,Pouring oil over tomatoes,0.0,aegis,2.2932929169910494,29.97002997002997,,150,-10.791569709777832,720,real,ea0741bc3fa5127a6690b07bb7fa46d7f1b675e162261ffa36c9189b9109e4bc,0.02322394587099552,0.00010849846876226366,"[15, 22, 30, 38, 46, 54, 62, 70, 77, 85, 93, 101, 109, 117, 125, 133]",80469c092a73a4e425cdada11ec9deff83817285fc91c2569f17535009ab5bfe,3f63f1cc2993c4a26dac78611d11fb07784896e8d6c6b1b745f65735e6fad539,MSVD,original,real_check_06,1280
0.0001249340857611969,real_music,0.000670516979880631,Playing electric bass,0.0,aegis,2.8787691250036005,24.0,,217,-8.98759937286377,1080,real,507688cc5198493163d38a4a5a9b8f3b3bfe39b6b7b54d6daac1a9c149b113f7,0.08551643788814545,0.0001265093160327524,"[60, 66, 72, 79, 85, 91, 98, 104, 110, 117, 123, 129, 136, 142, 148, 155]",a9a8fb94aa8eab0b0b7489caddaec1de4514308524e55b245820fe055493fb5e,1c44e20001a79b3ce56523897be756d660abfe67933330f41bf6bae77a376112,MSVD,original,real_check_07,1920
0.00014269218081608415,real_music,0.0005905134021304548,Playing violin on stage,0.0,aegis,3.037751458992716,29.916666666666668,,270,-8.8546781539917,1080,real,be148dd136f5f037acc1a4ecc5424992f7b240a1e2e682d23f7838a1e1b50d47,0.051537372171878815,0.00021113574621267617,"[75, 82, 90, 98, 106, 114, 122, 130, 137, 145, 153, 161, 169, 177, 185, 193]",f68913af4942fc8dc196e6157155414abfc7bf9f15e8ab8f8b3f0ef9a6b8b976,b9adabbc1c038f96751a0599915125357f2cc33e4134a6afab198c62948417cd,MSVD,original,real_check_08,1920
0.0015416313300651051,real_kitchen,,Slicing a lemon,0.0,waverep,7.790708375017857,23.976023976023978,"[-0.7521133422851562, -4.0661845207214355, -2.270285129547119, -5.755621910095215, -6.449383735656738, -7.912768363952637, -8.733269691467285, -6.266082286834717, -7.8004655838012695, -7.549473285675049, -7.94377326965332, -8.09674072265625, -7.851862907409668, -7.65639066696167, -7.934479713439941, -6.535045623779297]",96,-6.473371297121048,720,real,5568503bfa2e1408ae7be16237a8c6cb980bb2580013294a4562ec599d0c6ac9,,,"[0, 6, 12, 18, 25, 31, 37, 43, 50, 56, 62, 68, 75, 81, 87, 94]",c727ea6bcfafd1b50af53083432a6ddc69c4335118263d88359a11c2c82a8440,5dc85e05eaef1fc61a01e3b58281069287391f2f124f4abda555468080ae377a,MSVD,original,real_check_01,1280
0.0015360042311365332,real_kitchen,,Pouring vanilla into a spoon,0.0,waverep,6.7393302919808775,29.97002997002997,"[-5.127070426940918, -4.741679668426514, -6.194684982299805, -6.255877494812012, -9.266509056091309, -8.705339431762695, -7.093724727630615, -6.4337992668151855, -6.752555847167969, -6.624249458312988, -6.530892848968506, -5.874011993408203, -6.324207305908203, -5.914890289306641, -6.190921783447266, -5.6021246910095215]",150,-6.477033704519272,720,real,528cad2be2cb23c599f915ccec0c51e6bd3ebb92410266ad4e8116382f7632be,,,"[15, 22, 30, 38, 46, 54, 62, 70, 77, 85, 93, 101, 109, 117, 125, 133]",a71d64bb6870ece1b5a951955b29a753dd8ccd97b825f0f6c977da5e8597b9e1,883d30d77482095c54c8671751ab447518c61f2da23593f182572c6ad4cbec9c,MSVD,original,real_check_02,1280
0.0003199596542291375,real_kitchen,,Putting a frittata in an oven,0.0,waverep,6.741321291978238,29.97002997002997,"[-6.19401216506958, -7.985339641571045, -7.789793014526367, -8.6451997756958, -7.994592666625977, -8.56393814086914, -7.604770660400391, -7.98243522644043, -4.873539924621582, -5.667319297790527, -8.531206130981445, -8.405984878540039, -9.508182525634766, -9.162724494934082, -10.510602951049805, -9.33228874206543]",120,-8.046995639801025,720,real,114501bcbb8b894f2e00d7bd7910b43e90ca3b5114a58eb58394ce02b286181b,,,"[0, 7, 15, 23, 31, 39, 47, 55, 62, 70, 78, 86, 94, 102, 110, 118]",46f714bc0cd0837d78072cf71e97ee7d70ecef6f5529e665c7c5f8a2fd29387c,229de4e18c2cc104a215d672036dc61de44b5b6bde1f63be7e28f16de3b2bb9d,MSVD,original,real_check_03,1280
0.0001569701887147006,real_kitchen,,Pouring rice into a pan,0.0,waverep,6.359661499998765,29.97002997002997,"[-9.784688949584961, -9.592096328735352, -9.748237609863281, -10.201923370361328, -9.963251113891602, -9.3211030960083, -6.038528919219971, -9.186925888061523, -8.19072151184082, -8.4419527053833, -7.893973350524902, -7.207263946533203, -8.420906066894531, -9.848169326782227, -8.480547904968262, -7.82847261428833]",150,-8.759297668933868,720,real,ad8f4eb5cb70f12949ef1648c22fb787e8fb3985a1c4166061f577c2c04948ec,,,"[15, 22, 30, 38, 46, 54, 62, 70, 77, 85, 93, 101, 109, 117, 125, 133]",b1780449e9fe5e7ee432cf87bea9d177ef55feed5b3c5e4374b987c5e8e9e58d,df9a237a3b0efb586f12c590b1c78f107dcfeb31e3c608f75ca956a917dc947a,MSVD,original,real_check_04,1280
0.00015108837904612802,real_kitchen,,Seasoning water in a container,0.0,waverep,6.858456459012814,29.97002997002997,"[-8.910314559936523, -8.659459114074707, -9.249053001403809, -9.223082542419434, -5.989931583404541, -8.631280899047852, -9.205538749694824, -9.646808624267578, -8.392419815063477, -9.04188060760498, -9.085470199584961, -9.274128913879395, -8.802204132080078, -9.258830070495605, -8.93181037902832, -8.457698822021484]",180,-8.797494500875473,720,real,ef6e3ad69dd8ff80bff28e40fddd8346cda14ae61fd89b5557cd13e5ad1c99bf,,,"[30, 37, 45, 53, 61, 69, 77, 85, 92, 100, 108, 116, 124, 132, 140, 148]",b5e295b42e71022262e924bf7491d089132f65516dd6a5e853d1efc22b7da7f3,57957e5444fdb956e4ba76e402babbbf8c5eed2ed23988e3ef036d61d4ba004b,MSVD,original,real_check_05,1280
0.00632190838823767,real_kitchen,,Pouring oil over tomatoes,0.0,waverep,6.499166499997955,29.97002997002997,"[-4.225615501403809, -4.065689563751221, -3.9489259719848633, -4.384477615356445, -4.738409519195557, -7.697300910949707, -7.458957195281982, -7.027449607849121, -7.66813850402832, -4.039653778076172, -6.0069427490234375, -3.2542431354522705, -5.451277732849121, -3.7026619911193848, -2.164759397506714, -5.083771705627441]",150,-5.057392179965973,720,real,c0a967bd35f2f8502d7e0687455ca4cf8a81523c209e25711f5d21e96b0ff0bc,,,"[15, 22, 30, 38, 46, 54, 62, 70, 77, 85, 93, 101, 109, 117, 125, 133]",80469c092a73a4e425cdada11ec9deff83817285fc91c2569f17535009ab5bfe,3f63f1cc2993c4a26dac78611d11fb07784896e8d6c6b1b745f65735e6fad539,MSVD,original,real_check_06,1280
0.004674209437216734,real_music,,Playing electric bass,0.0,waverep,6.6902355829952285,24.0,"[-8.564602851867676, -6.788538455963135, -4.94059944152832, -6.267469882965088, -6.862614631652832, -6.007637023925781, -5.508575916290283, -2.728726387023926, -2.4349725246429443, -6.166714668273926, -5.8668084144592285, -5.832766532897949, -5.170899391174316, -4.911261558532715, -0.12292063236236572, -7.601052761077881]",217,-5.361010067164898,1080,real,a55e8c5eb36d7de054d10de75046030a76015759a0a164bb83a25c6fe044bf09,,,"[60, 66, 72, 79, 85, 91, 98, 104, 110, 117, 123, 129, 136, 142, 148, 155]",a9a8fb94aa8eab0b0b7489caddaec1de4514308524e55b245820fe055493fb5e,1c44e20001a79b3ce56523897be756d660abfe67933330f41bf6bae77a376112,MSVD,original,real_check_07,1920
0.025213339468358728,real_music,,Playing violin on stage,0.0,waverep,6.667782790987985,29.916666666666668,"[-4.13753080368042, -3.5208685398101807, -5.2534332275390625, -7.961565017700195, -3.909754991531372, -3.7979235649108887, -5.739773750305176, -3.9794869422912598, -4.825711250305176, -4.856048583984375, -5.608794689178467, -6.322282791137695, -1.447877287864685, 3.364626407623291, 1.4429659843444824, -1.9240679740905762]",270,-3.6548454388976097,1080,real,d354c2858642b9dc04407a2af6b4e9a4948fceab7dd9da6348d1366f7c789730,,,"[75, 82, 90, 98, 106, 114, 122, 130, 137, 145, 153, 161, 169, 177, 185, 193]",f68913af4942fc8dc196e6157155414abfc7bf9f15e8ab8f8b3f0ef9a6b8b976,b9adabbc1c038f96751a0599915125357f2cc33e4134a6afab198c62948417cd,MSVD,original,real_check_08,1920
