video_id,label,generator,variant,ai_score,delta,elapsed_sec,width,height,frames,fps,sha256
real_01,real,MSVD,original,0.9664109945297241,0.0,2.478490249995957,480,360,300,29.916666666666668,ffa148e164ea0fd89ce3d6e3125dce4fe4a54f92f7ee5334e8759d2e24cca1b9
real_01,real,MSVD,compression,0.02379401959478855,-0.9426169749349356,2.21748716699949,480,360,300,29.916666666666668,6998aa9123c7bb2c942e4abd27f2b8b622342ede205945b515f8f8413dda234a
real_01,real,MSVD,resize,0.9999830722808838,0.03357207775115967,2.0447969579981873,240,180,300,29.916666666666668,3e6c804edaff3a6846185ad6703c46b436e601852d81714b6efa8d03115db844
real_01,real,MSVD,crop,0.9074870347976685,-0.058923959732055664,2.167933415999869,384,288,300,29.916666666666668,adb07722d9e210c429901b9264e6bd016b4c290de7a57010ca29d034eb730eb0
real_02,real,MSVD,original,0.00013109816063661128,0.0,2.0492662500037113,320,240,46,15.0,62bd921e11ee2911c2307f179ec2269d97d6258298b9e9a6e1da9f18b603fe30
real_02,real,MSVD,compression,0.00020137958927080035,7.028142863418907e-05,2.0239723330014385,320,240,46,15.0,02cec6a21485863dc80c56ee6a0ac1aa183c977f1b84ac44a6fe18ec28a62db8
real_02,real,MSVD,resize,0.0001642191200517118,3.3120959415100515e-05,2.045630082997377,160,120,46,15.0,65b0192809a20ac33704cae496da6cefdb099dc15130a6b1eaa5cbd8d63b582f
real_02,real,MSVD,crop,0.00021092247334308922,7.982431270647794e-05,2.0605342920025578,256,192,46,15.0,98f1194c5341765dc5130164a2955cc6f91aacf9c990c2566e533efd98d42e01
ai_01,ai,Sora,original,0.9999663829803467,0.0,2.527683457999956,480,720,150,30.0,a1cec2a88fbebbdf0715c4f9aef359211e9bb55329cbaa22c3c0b1aa2f0f0a4d
ai_01,ai,Sora,compression,0.9999511241912842,-1.52587890625e-05,2.8698473749973346,480,720,150,30.0,481aa4e8d2ec7cc6091816e877fbc939196f30823c4f4f0e12a701cc1c6d5cff
ai_01,ai,Sora,resize,0.9999728202819824,6.4373016357421875e-06,2.1630224169930443,240,360,150,30.0,666d4bd3f2ea815318e04f92cec2cb60f7287169ee25b1038ca9af4a0997557d
ai_01,ai,Sora,crop,0.9999446868896484,-2.1696090698242188e-05,2.337429958002758,384,576,150,30.0,50ca50cda9444f64a6f9dfa4775bdd0b5270b1e452a7cbfcc5102d949954828c
ai_02,ai,Sora,original,0.9999948740005493,0.0,2.497051291997195,480,720,300,30.0,4f3b162d606e01540ae58ed2ec9cac33292ca605e683daaffbf204268a002726
ai_02,ai,Sora,compression,0.9999964237213135,1.5497207641601562e-06,2.7568356660049176,480,720,300,30.0,73b58bb8337af4efb5c2a36bd9a76b22823b1cdc668b6bafa2811103e43f5330
ai_02,ai,Sora,resize,0.9999983310699463,3.4570693969726562e-06,2.2229657920106547,240,360,300,30.0,39335b13b7e8c8f6c8bfad9d1884151615fb203e541b0bccc0db44bd64fb71c5
ai_02,ai,Sora,crop,0.9999854564666748,-9.417533874511719e-06,2.2734407920070225,384,576,300,30.0,b383917cc1e148d9ff83dbbec53022f678bfbecb8ededa8e226101ad405846fc
